{
  "ok": true,
  "design": {
    "R": 7.8358099135936055,
    "a": 2.755616186616372,
    "kappa": 1.6557837826734172,
    "B0": 9.5,
    "Ip": 21.350440864626634,
    "Ti": 36.03734391173295,
    "Te": 20.018027503489613,
    "H98": 1.272103202469471,
    "fG": 0.8249490077355677,
    "frac_cap": 0.8114552369337129,
    "reconn_trigger": 0.7850350808881864,
    "conf_trigger": 0.737276020270164,
    "lithium_thickness": 0.0028261795987366252,
    "lithium_velocity": 6.0,
    "liquid_wall_li6_enrich": 0.8261518842161082,
    "blanket_thickness": 0.6661455379441077,
    "l1": "Li2TiO3",
    "l1_li6": 0.6,
    "l1_pack": 0.8256382622960249,
    "l2": "Li4SiO4",
    "l2_li6": 0.3,
    "l2_pack": 0.8228801369964893,
    "l3": "Be12Ti",
    "l3_li6": 0.0,
    "l3_pack": 0.7004839680497704,
    "l4": "Li4SiO4",
    "l4_li6": 0.9,
    "l4_pack": 0.8499037245353727,
    "split": [
      0.1293854566695026,
      0.23637500979465198,
      0.19951475276763736,
      0.434724780768208
    ],
    "li6_frac": 0.576665225846519,
    "mult_frac": 0.14609795578555138,
    "cooling_eff": 0.47024011352933465,
    "coolant_outlet_K": 830.2255342377725,
    "mc_samples": 300000
  },
  "result": {
    "score": 336580.4909423,
    "net_electric": 2735.551335012657,
    "tct_control_strength": 1.0,
    "tct_precursor": 0.4000107187744393,
    "tct_upstream_factor": 1.0,
    "tct_risk_R": 1.0,
    "tct_risk_H": 1.7864624065405313e-05,
    "tct_n_used": 1.0,
    "tct_B_used": 9.5,
    "tct_Te_used": 20.018027503489613,
    "TBR": 1.7717232036645636,
    "fail_rate": 0.0,
    "wall_load": 5.612280664096791,
    "raw_wall_load": 7.1645636566864015,
    "lithium_wall_modifier": 1.2765868432988332,
    "performance_boost": 1.03319042119586,
    "bootstrap_boost": 1.0351556247940175,
    "wall_temp": 188.82515613398084,
    "bootstrap": 0.3103171705247196,
    "blanket_model": "openmc_dataset",
    "blanket_attenuation": 0.7266367121552252,
    "blanket_front_heating_frac": 0.42,
    "capex_billion": 16.495467866142555,
    "annual_revenue_musd": 1401860.6371405865,
    "annual_cost_musd": 1484.5921079528298
  },
  "score": 336749.7741826153,
  "objectives": {
    "net_electric": 2735.551335012657,
    "bootstrap": 0.3103171705247196,
    "TBR": 1.7717232036645636,
    "wall_load": 5.612280664096791,
    "capex_billion": 16.495467866142555,
    "R": 7.8358099135936055,
    "B0": 9.5
  },
  "feasible": true,
  "rank": 0,
  "crowding": Infinity
}