{
  "ok": true,
  "design": {
    "lithium_thickness": 0.01377310682267012,
    "li6_frac": 0.02215513150082385,
    "l3": "Li2TiO3",
    "Ti": 40.0,
    "l4_pack": 1.301491878857927,
    "kappa": 1.4,
    "l2_li6": 0.574125076195827,
    "mc_samples": 248574,
    "l3_pack": 1.4926766134562588,
    "blanket_thickness": 1.6,
    "l2": "Li2O",
    "Ip": 21.17598083721081,
    "l1_li6": 0.07959887893660668,
    "split": [
      0.24732076929279587,
      0.04922088240045713,
      0.30509159007605635,
      0.39836675823069073
    ],
    "cooling_eff": 0.6619873750581502,
    "Te": 15.063408054649518,
    "a": 2.5982764262200018,
    "R": 7.360618956844336,
    "H98": 1.1261106900902802,
    "l4": "W",
    "mult_frac": 0.7789443900936532,
    "fG": 0.7832899375760183,
    "B0": 4.802913645980015,
    "l1": "W",
    "l1_pack": 1.1057310306649855,
    "l3_li6": 0.05005905100508577,
    "reconn_trigger": 0.813079703559734,
    "l2_pack": 1.3108928916730234,
    "conf_trigger": 1.4860578113692522,
    "lithium_velocity": 4.2907279137205885,
    "coolant_outlet_K": 632.826552400218,
    "liquid_wall_li6_enrich": 1.3306204603210143,
    "l4_li6": 0.22423386722314984,
    "frac_cap": 0.5574200039429805
  },
  "result": {
    "score": -58882.369451866965,
    "net_electric": 1900.0790153403746,
    "tct_control_strength": 0.2777509316739505,
    "tct_precursor": 0.40000541908926557,
    "tct_upstream_factor": 1.0,
    "tct_risk_R": 1.0,
    "tct_risk_H": 9.03181544253033e-06,
    "tct_n_used": 1.0,
    "tct_B_used": 4.802913645980015,
    "tct_Te_used": 15.063408054649518,
    "TBR": 1.8067731682077173,
    "fail_rate": 0.0,
    "wall_load": 3.3435769615397612,
    "raw_wall_load": 4.5796502975578575,
    "lithium_wall_modifier": 1.3696859232601208,
    "performance_boost": 1.0443623107912146,
    "bootstrap_boost": 1.0419659885805732,
    "wall_temp": 548.2314602512608,
    "bootstrap": 0.8856710902934872,
    "blanket_model": "openmc_dataset",
    "blanket_attenuation": 0.5240450127053347,
    "blanket_front_heating_frac": 0.42,
    "capex_billion": 12.242248472273443,
    "annual_revenue_musd": 973714.4922013285,
    "annual_cost_musd": 1101.80236250461
  },
  "score": -58700.508744783634,
  "objectives": {
    "net_electric": 1900.0790153403746,
    "bootstrap": 0.8856710902934872,
    "TBR": 1.8067731682077173,
    "wall_load": 3.3435769615397612,
    "capex_billion": 12.242248472273443,
    "R": 7.360618956844336,
    "B0": 4.802913645980015
  },
  "feasible": true,
  "rank": 0,
  "crowding": Infinity
}