{
  "ok": true,
  "design": {
    "lithium_thickness": 0.01611344128269807,
    "li6_frac": 0.6704031093573755,
    "l3": "Pb",
    "Ti": 40.0,
    "l4_pack": 0.8592109121884678,
    "l2_li6": 0.5761431978658874,
    "mc_samples": 212333,
    "l3_pack": 1.0452394716241993,
    "blanket_thickness": 0.47517653260368564,
    "l2": "Li2O",
    "Ip": 24.386488808021127,
    "l1_li6": 0.3928646416751289,
    "split": [
      0.24732076929279587,
      0.04922088240045713,
      0.30509159007605635,
      0.39836675823069073
    ],
    "cooling_eff": 0.5317428298047852,
    "Te": 7.712004449000506,
    "a": 2.7124904137457215,
    "R": 4.0,
    "H98": 1.0796739425556394,
    "liquid_wall_li6_enrich": 0.2994099133317397,
    "l4": "W",
    "mult_frac": 0.278277072901605,
    "fG": 0.7485301060275704,
    "B0": 8.384738912151679,
    "l1": "Li",
    "l1_pack": 1.6823090766525644,
    "l3_li6": -0.0030203666178762233,
    "reconn_trigger": 0.7130090872118332,
    "l2_pack": 1.0918842835542824,
    "conf_trigger": 0.20478722189393708,
    "lithium_velocity": 3.2659222109222394,
    "coolant_outlet_K": 875.7850682053376,
    "kappa": 2.3156731899823177,
    "l4_li6": -0.15964639982603773,
    "frac_cap": 0.7487796804361543
  },
  "result": {
    "score": -4735568.369298571,
    "net_electric": 3455.545236139661,
    "tct_control_strength": 0.0,
    "tct_precursor": 0.40000946043422436,
    "tct_upstream_factor": 0.65,
    "tct_risk_R": 1.0,
    "tct_risk_H": 1.5767390373912134e-05,
    "tct_n_used": 1.0,
    "tct_B_used": 8.384738912151679,
    "tct_Te_used": 7.712004449000506,
    "TBR": 1.7582103767726125,
    "fail_rate": 0.0,
    "wall_load": 10.760569807748027,
    "raw_wall_load": 14.549929903532606,
    "lithium_wall_modifier": 1.3521523639999151,
    "performance_boost": 1.0422582836799898,
    "bootstrap_boost": 1.0381270427616458,
    "wall_temp": 2064.164401970494,
    "bootstrap": 0.06922085838022395,
    "blanket_model": "openmc_dataset",
    "blanket_attenuation": 0.7768643833491498,
    "blanket_front_heating_frac": 0.42,
    "capex_billion": 18.00253889098766,
    "annual_revenue_musd": 1770828.7117121306,
    "annual_cost_musd": 1620.228500188889
  },
  "score": -4735623.35647425,
  "objectives": {
    "net_electric": 3455.545236139661,
    "bootstrap": 0.06922085838022395,
    "TBR": 1.7582103767726125,
    "wall_load": 10.760569807748027,
    "capex_billion": 18.00253889098766,
    "R": 4.0,
    "B0": 8.384738912151679
  },
  "feasible": true,
  "rank": 0,
  "crowding": Infinity
}