{
  "ok": true,
  "design": {
    "lithium_thickness": 0.0005,
    "li6_frac": 0.5237003514023578,
    "l3": "Pb",
    "Ti": 33.924181999382114,
    "l4_pack": 0.69717755992145,
    "kappa": 1.709268895238126,
    "l2_li6": 0.32063073309019935,
    "mc_samples": 300000,
    "l3_pack": 0.7312405363374876,
    "blanket_thickness": 1.1156009432677862,
    "l2": "Li4SiO4",
    "Ip": 30.0,
    "l1_li6": 0.5220220390783333,
    "split": [
      0.1293854566695026,
      0.23637500979465198,
      0.19951475276763736,
      0.434724780768208
    ],
    "cooling_eff": 0.9396375145043152,
    "Te": 15.925952198498779,
    "a": 2.167429366310087,
    "R": 5.590082111322059,
    "H98": 1.2266273893016213,
    "l4": "Li4SiO4",
    "mult_frac": -0.15401253801188103,
    "fG": 0.845481894607764,
    "B0": 9.5,
    "l1": "Li2TiO3",
    "l1_pack": 1.3680430902708265,
    "l3_li6": 0.23197510505247645,
    "reconn_trigger": 0.625405070620154,
    "l2_pack": 0.5256000881564706,
    "conf_trigger": 0.41289042558514916,
    "lithium_velocity": 4.348444447764214,
    "coolant_outlet_K": 893.8682790898197,
    "liquid_wall_li6_enrich": 0.6876646936969936,
    "l4_li6": 0.6898934669940094,
    "frac_cap": 0.5441244771070977
  },
  "result": {
    "score": -1180732.9378390138,
    "net_electric": 2850.492324294766,
    "tct_control_strength": 1.0,
    "tct_precursor": 0.4000107187744393,
    "tct_upstream_factor": 1.0,
    "tct_risk_R": 1.0,
    "tct_risk_H": 1.7864624065405313e-05,
    "tct_n_used": 1.0,
    "tct_B_used": 9.5,
    "tct_Te_used": 15.925952198498779,
    "TBR": 1.7923487720317612,
    "fail_rate": 0.0,
    "wall_load": 9.466554691503468,
    "raw_wall_load": 11.10804011738845,
    "lithium_wall_modifier": 1.1733983988238368,
    "performance_boost": 1.0208078078588605,
    "bootstrap_boost": 1.0260687535588495,
    "wall_temp": 56.34853983037779,
    "bootstrap": 0.35474688333023885,
    "blanket_model": "openmc_dataset",
    "blanket_attenuation": 0.6208672261782449,
    "blanket_front_heating_frac": 0.42,
    "capex_billion": 16.72452413782835,
    "annual_revenue_musd": 1460763.296508096,
    "annual_cost_musd": 1505.2071724045516
  },
  "score": -1180674.6730603424,
  "objectives": {
    "net_electric": 2850.492324294766,
    "bootstrap": 0.35474688333023885,
    "TBR": 1.7923487720317612,
    "wall_load": 9.466554691503468,
    "capex_billion": 16.72452413782835,
    "R": 5.590082111322059,
    "B0": 9.5
  },
  "feasible": true,
  "rank": 0,
  "crowding": Infinity
}