{
  "ok": true,
  "design": {
    "lithium_thickness": 0.0149869037626132,
    "li6_frac": 0.5475767661898795,
    "l3": "Be12Ti",
    "Ti": 36.151973326845955,
    "kappa": 1.6997793875289235,
    "l4_pack": 0.7314370515662276,
    "l2_li6": 0.3537467616996952,
    "mc_samples": 300000,
    "l3_pack": 1.4422962224094138,
    "blanket_thickness": 1.4698083657049301,
    "l2": "Li2TiO3",
    "Ip": 25.923639711939877,
    "l1_li6": 0.3873917236591085,
    "split": [
      0.1293854566695026,
      0.23637500979465198,
      0.19951475276763736,
      0.434724780768208
    ],
    "cooling_eff": 0.5276444220741883,
    "Te": 19.626599631471247,
    "a": 2.1712981759866974,
    "R": 8.384031056326007,
    "H98": 1.1862598542963496,
    "l4": "Pb",
    "mult_frac": 0.2205784102330262,
    "fG": 0.7338444972056759,
    "B0": 7.015678323220872,
    "l1": "W",
    "l1_pack": 1.0478438157740122,
    "l3_li6": 0.05113981168552927,
    "reconn_trigger": 0.5523613092327995,
    "l2_pack": 1.187302383001894,
    "conf_trigger": 0.8873766598460098,
    "lithium_velocity": 5.967073081331844,
    "coolant_outlet_K": 1260.35065859197,
    "liquid_wall_li6_enrich": 0.9013299346900705,
    "l4_li6": -0.05824759675099256,
    "frac_cap": 0.613659959475323
  },
  "result": {
    "score": 1941477.6934248838,
    "net_electric": 4142.584810579364,
    "tct_control_strength": 1.0,
    "tct_precursor": 0.4000079157340511,
    "tct_upstream_factor": 1.0,
    "tct_risk_R": 1.0,
    "tct_risk_H": 1.3192890085068842e-05,
    "tct_n_used": 1.0,
    "tct_B_used": 7.015678323220872,
    "tct_Te_used": 19.626599631471247,
    "TBR": 1.8033783082917454,
    "fail_rate": 0.0,
    "wall_load": 7.274337608204834,
    "raw_wall_load": 10.159385064901922,
    "lithium_wall_modifier": 1.3966062083017703,
    "performance_boost": 1.0475927449962124,
    "bootstrap_boost": 1.0416912906625175,
    "wall_temp": 1297.8547341776634,
    "bootstrap": 0.8854375970631398,
    "blanket_model": "openmc_dataset",
    "blanket_attenuation": 0.5484766207017218,
    "blanket_front_heating_frac": 0.42,
    "capex_billion": 19.70710180630139,
    "annual_revenue_musd": 2122909.012029501,
    "annual_cost_musd": 1773.6391625671254
  },
  "score": 1941657.159594491,
  "objectives": {
    "net_electric": 4142.584810579364,
    "bootstrap": 0.8854375970631398,
    "TBR": 1.8033783082917454,
    "wall_load": 7.274337608204834,
    "capex_billion": 19.70710180630139,
    "R": 8.384031056326007,
    "B0": 7.015678323220872
  },
  "feasible": true,
  "rank": 0,
  "crowding": 1.0755027130565114
}