{
  "ok": true,
  "design": {
    "lithium_thickness": 0.013021554817465999,
    "li6_frac": -0.0021500754685689193,
    "l3": "Li2TiO3",
    "Ti": 40.0,
    "l4_pack": 1.0805096809420824,
    "l2_li6": 0.5756766393112989,
    "mc_samples": 272027,
    "l3_pack": 1.5851300268406987,
    "blanket_thickness": 1.6,
    "l2": "Li2O",
    "Ip": 20.248027966728277,
    "l1_li6": 0.17044464849066182,
    "split": [
      0.24732076929279587,
      0.04922088240045713,
      0.30509159007605635,
      0.39836675823069073
    ],
    "cooling_eff": 0.9596955411691429,
    "Te": 17.6193855426878,
    "a": 2.5936703654598534,
    "R": 7.9883893503533585,
    "H98": 1.115123427965437,
    "liquid_wall_li6_enrich": 1.309032955071551,
    "l4": "W",
    "mult_frac": 0.7436815221142247,
    "fG": 0.8685997820667573,
    "B0": 4.499696898477334,
    "l1": "W",
    "l1_pack": 1.3313896847653623,
    "l3_li6": -0.4041940500201689,
    "reconn_trigger": 0.555111477179058,
    "l2_pack": 1.2804446546137056,
    "conf_trigger": 1.426190427305563,
    "lithium_velocity": 4.423895479973858,
    "coolant_outlet_K": -93.17260429880798,
    "kappa": 1.9096334442059248,
    "l4_li6": 0.45425292237593434,
    "frac_cap": 0.3860344683816003
  },
  "result": {
    "score": -360930.07924505364,
    "net_electric": 1382.1139842433895,
    "tct_control_strength": 0.5107327214787268,
    "tct_precursor": 0.40000507697222104,
    "tct_upstream_factor": 1.0,
    "tct_risk_R": 1.0,
    "tct_risk_H": 8.46162036837556e-06,
    "tct_n_used": 1.0,
    "tct_B_used": 4.499696898477334,
    "tct_Te_used": 17.6193855426878,
    "TBR": 1.8067731682077173,
    "fail_rate": 0.0,
    "wall_load": 2.4704126823497172,
    "raw_wall_load": 3.386302961483994,
    "lithium_wall_modifier": 1.3707438379336416,
    "performance_boost": 1.044489260552037,
    "bootstrap_boost": 1.0471903707173698,
    "wall_temp": 382.9596924402388,
    "bootstrap": 0.7867291085231861,
    "blanket_model": "openmc_dataset",
    "blanket_attenuation": 0.5240450127053347,
    "blanket_front_heating_frac": 0.42,
    "capex_billion": 10.338074350140758,
    "annual_revenue_musd": 708278.1323653674,
    "annual_cost_musd": 930.4266915126682
  },
  "score": -360748.2494983613,
  "objectives": {
    "net_electric": 1382.1139842433895,
    "bootstrap": 0.7867291085231861,
    "TBR": 1.8067731682077173,
    "wall_load": 2.4704126823497172,
    "capex_billion": 10.338074350140758,
    "R": 7.9883893503533585,
    "B0": 4.499696898477334
  },
  "feasible": true,
  "rank": 0,
  "crowding": Infinity
}