{
  "ok": true,
  "design": {
    "lithium_thickness": 0.012237835699516314,
    "li6_frac": 0.15887874630948012,
    "l3": "Pb",
    "Ti": 33.23572202842813,
    "l4_pack": 0.9106395569569429,
    "l2_li6": 0.3155353611772012,
    "mc_samples": 150536,
    "l3_pack": 1.5795422695009103,
    "blanket_thickness": 1.5814311134235346,
    "l2": "Li2O",
    "Ip": 28.566809534827996,
    "l1_li6": 0.6303965650859169,
    "split": [
      0.24732076929279587,
      0.04922088240045713,
      0.30509159007605635,
      0.39836675823069073
    ],
    "cooling_eff": 0.6226980919774399,
    "Te": 21.350283538534324,
    "a": 2.307114728396325,
    "R": 7.140668296923458,
    "H98": 1.369810298695752,
    "liquid_wall_li6_enrich": 1.2972467554722245,
    "l4": "W",
    "mult_frac": 0.16258897645533557,
    "fG": 0.8172693056038598,
    "B0": 4.538701290847449,
    "l1": "W",
    "l1_pack": 1.318216765984241,
    "l3_li6": 0.033348845722486475,
    "reconn_trigger": 0.7141613017174426,
    "l2_pack": 1.2538720541965853,
    "conf_trigger": 1.098695281666782,
    "lithium_velocity": 4.008426735713715,
    "coolant_outlet_K": 766.1207113302195,
    "kappa": 2.6,
    "l4_li6": 0.051260784633474846,
    "frac_cap": 0.6571281886525722
  },
  "result": {
    "score": -5209728.719251166,
    "net_electric": 5669.354616092372,
    "tct_control_strength": 0.7433379445952092,
    "tct_precursor": 0.40000512098056673,
    "tct_upstream_factor": 1.0,
    "tct_risk_R": 1.0,
    "tct_risk_H": 8.534967611174684e-06,
    "tct_n_used": 1.0,
    "tct_B_used": 4.538701290847449,
    "tct_Te_used": 21.350283538534324,
    "TBR": 1.8063062317842167,
    "fail_rate": 0.0,
    "wall_load": 11.697571476069278,
    "raw_wall_load": 15.928708516148129,
    "lithium_wall_modifier": 1.3617107233526933,
    "performance_boost": 1.0434052868023231,
    "bootstrap_boost": 1.0432072306715008,
    "wall_temp": 1704.2018786605283,
    "bootstrap": 0.8867261460707756,
    "blanket_model": "openmc_dataset",
    "blanket_attenuation": 0.5274619304816592,
    "blanket_front_heating_frac": 0.42,
    "capex_billion": 22.98397048720891,
    "annual_revenue_musd": 2905317.4665626967,
    "annual_cost_musd": 2068.557343848802
  },
  "score": -5209842.722150654,
  "objectives": {
    "net_electric": 5669.354616092372,
    "bootstrap": 0.8867261460707756,
    "TBR": 1.8063062317842167,
    "wall_load": 11.697571476069278,
    "capex_billion": 22.98397048720891,
    "R": 7.140668296923458,
    "B0": 4.538701290847449
  },
  "feasible": true,
  "rank": 0,
  "crowding": Infinity
}