{
  "ok": true,
  "design": {
    "lithium_thickness": 0.014445409477345714,
    "li6_frac": 0.018465558490160627,
    "l3": "Pb",
    "Ti": 37.01966024838899,
    "l4_pack": 0.9549895662283592,
    "kappa": 2.100697532786361,
    "l2_li6": 0.17199033541755043,
    "mc_samples": 243393,
    "l3_pack": 1.242288592885641,
    "blanket_thickness": 1.2959380397983489,
    "l2": "PbLi",
    "Ip": 19.879105251383503,
    "l1_li6": 0.48258460858030755,
    "split": [
      0.26383198885595766,
      0.16892515232810107,
      0.5100903255853355,
      0.057152533230605713
    ],
    "cooling_eff": 0.5896739690373577,
    "Te": 21.004610437285173,
    "a": 2.8,
    "R": 9.992852485843079,
    "H98": 1.2633509830181733,
    "l4": "Pb",
    "mult_frac": 0.49775288547748947,
    "fG": 0.8230058244836348,
    "B0": 7.022524467329372,
    "l1": "Li",
    "l1_pack": 1.109115499554484,
    "l3_li6": -0.20799273743289115,
    "reconn_trigger": 0.3863823091052357,
    "l2_pack": 1.0713981550059664,
    "conf_trigger": 0.8475959003170188,
    "lithium_velocity": 2.1921855586839194,
    "coolant_outlet_K": 782.6324207695918,
    "liquid_wall_li6_enrich": 1.1435213306646688,
    "l4_li6": 0.01073000290563061,
    "frac_cap": 0.7894208208447292
  },
  "result": {
    "score": 1319656.0313905969,
    "net_electric": 4680.569476520088,
    "tct_control_strength": 0.8968029103566392,
    "tct_precursor": 0.400007923458501,
    "tct_upstream_factor": 0.8,
    "tct_risk_R": 1.0,
    "tct_risk_H": 1.320576416831052e-05,
    "tct_n_used": 1.0,
    "tct_B_used": 7.022524467329372,
    "tct_Te_used": 21.004610437285173,
    "TBR": 1.798342425419817,
    "fail_rate": 0.0,
    "wall_load": 5.952182781331347,
    "raw_wall_load": 7.879673674512203,
    "lithium_wall_modifier": 1.3238292512162617,
    "performance_boost": 1.0388595101459515,
    "bootstrap_boost": 1.0397632745906442,
    "wall_temp": 1023.5918757183072,
    "bootstrap": 0.558426447146725,
    "blanket_model": "openmc_dataset",
    "blanket_attenuation": 0.5828904543679574,
    "blanket_front_heating_frac": 0.42,
    "capex_billion": 21.256166149797576,
    "annual_revenue_musd": 2398604.6339374846,
    "annual_cost_musd": 1913.054953481782
  },
  "score": 1319834.7175450718,
  "objectives": {
    "net_electric": 4680.569476520088,
    "bootstrap": 0.558426447146725,
    "TBR": 1.798342425419817,
    "wall_load": 5.952182781331347,
    "capex_billion": 21.256166149797576,
    "R": 9.992852485843079,
    "B0": 7.022524467329372
  },
  "feasible": true,
  "rank": 0,
  "crowding": 1.2927757357044283
}