{
  "ok": true,
  "design": {
    "lithium_thickness": 0.0005,
    "li6_frac": 0.43153639498171803,
    "l3": "Pb",
    "Ti": 39.38138043519125,
    "l4_pack": 0.9940972382881078,
    "l2_li6": 0.9,
    "mc_samples": 300000,
    "l3_pack": 0.6497553173512208,
    "blanket_thickness": 1.6,
    "l2": "Li2O",
    "Ip": 13.599149063847875,
    "l1_li6": 0.5004598342363574,
    "split": [
      0.24732076929279587,
      0.04922088240045713,
      0.30509159007605635,
      0.39836675823069073
    ],
    "cooling_eff": 0.7886343004351146,
    "Te": 21.597231353977122,
    "a": 2.8,
    "R": 4.265210197742773,
    "H98": 1.5,
    "liquid_wall_li6_enrich": 0.6567972671738775,
    "l4": "W",
    "mult_frac": 0.6140983613713438,
    "fG": 0.6795854861220405,
    "B0": 9.422713586389408,
    "l1": "Li",
    "l1_pack": 1.478888681216169,
    "l3_li6": -0.2868790033493772,
    "reconn_trigger": 0.42889621399340394,
    "l2_pack": 0.6219475032772588,
    "conf_trigger": 1.687636570213133,
    "lithium_velocity": 0.2,
    "coolant_outlet_K": 873.4793827269032,
    "kappa": 2.6,
    "l4_li6": 0.0,
    "frac_cap": 0.7499136069080405
  },
  "result": {
    "score": -670046.9642084496,
    "net_electric": 804.6005439644217,
    "tct_control_strength": 0.453710555306056,
    "tct_precursor": 0.4000106315727935,
    "tct_upstream_factor": 1.0,
    "tct_risk_R": 1.0,
    "tct_risk_H": 1.7719287989140406e-05,
    "tct_n_used": 1.0,
    "tct_B_used": 9.422713586389408,
    "tct_Te_used": 21.597231353977122,
    "TBR": 1.8067731682077173,
    "fail_rate": 0.0,
    "wall_load": 3.468667220251676,
    "raw_wall_load": 3.5906119169689936,
    "lithium_wall_modifier": 1.0351560668620352,
    "performance_boost": 1.0042187280234443,
    "bootstrap_boost": 1.0035156066862034,
    "wall_temp": 20.646828691974264,
    "bootstrap": 0.05017578033431017,
    "blanket_model": "openmc_dataset",
    "blanket_attenuation": 0.5240450127053347,
    "blanket_front_heating_frac": 0.42,
    "capex_billion": 9.286447358775536,
    "annual_revenue_musd": 412325.5947600075,
    "annual_cost_musd": 835.7802622897983
  },
  "score": -669865.5494440866,
  "objectives": {
    "net_electric": 804.6005439644217,
    "bootstrap": 0.05017578033431017,
    "TBR": 1.8067731682077173,
    "wall_load": 3.468667220251676,
    "capex_billion": 9.286447358775536,
    "R": 4.265210197742773,
    "B0": 9.422713586389408
  },
  "feasible": true,
  "rank": 0,
  "crowding": Infinity
}