{
  "ok": true,
  "design": {
    "lithium_thickness": 0.004798695707744679,
    "li6_frac": 0.1679518390436061,
    "l3": "Li2TiO3",
    "Ti": 30.10174666269925,
    "l4_pack": 0.9400015117665718,
    "kappa": 2.0676193058874968,
    "l2_li6": 0.4729599163393195,
    "mc_samples": 300000,
    "l3_pack": 1.4561299927761968,
    "blanket_thickness": 0.4,
    "l2": "Li2TiO3",
    "Ip": 20.429471498624203,
    "l1_li6": 0.45934216607800604,
    "split": [
      0.41536200210409624,
      0.19720236915373693,
      0.29121078763354363,
      0.09622484110862317
    ],
    "cooling_eff": 0.609327375393681,
    "Te": 17.024546787315344,
    "a": 2.419330210299168,
    "R": 11.705356564226312,
    "H98": 0.85,
    "l4": "Pb",
    "mult_frac": 0.8121692466319337,
    "fG": 0.7405516844473463,
    "B0": 5.457008360167537,
    "l1": "W",
    "l1_pack": 1.2683778220553381,
    "l3_li6": 0.13815237005071052,
    "reconn_trigger": 0.8422754342916231,
    "l2_pack": 0.8240996312289685,
    "conf_trigger": 0.9278414598735044,
    "lithium_velocity": 6.0,
    "coolant_outlet_K": 836.4697805322686,
    "liquid_wall_li6_enrich": 0.9509751972823139,
    "l4_li6": -0.15695895198580634,
    "frac_cap": 0.5537172961648644
  },
  "result": {
    "score": 181265.88675761482,
    "net_electric": 568.7525072544514,
    "tct_control_strength": 1.0,
    "tct_precursor": 0.40000615709912907,
    "tct_upstream_factor": 1.0,
    "tct_risk_R": 1.0,
    "tct_risk_H": 1.0261831881701788e-05,
    "tct_n_used": 1.0,
    "tct_B_used": 5.457008360167537,
    "tct_Te_used": 17.024546787315344,
    "TBR": 1.7513215326514087,
    "fail_rate": 0.0,
    "wall_load": 1.6453227954187903,
    "raw_wall_load": 2.181798966155849,
    "lithium_wall_modifier": 1.3260613493174798,
    "performance_boost": 1.0391273619180976,
    "bootstrap_boost": 1.0350392359985887,
    "wall_temp": 93.99289805036459,
    "bootstrap": 0.8797833505988004,
    "blanket_model": "openmc_dataset",
    "blanket_attenuation": 0.7975763627511979,
    "blanket_front_heating_frac": 0.42,
    "capex_billion": 7.2997621400056785,
    "annual_revenue_musd": 291462.90986761614,
    "annual_cost_musd": 656.9785926005111
  },
  "score": 181428.58935702968,
  "objectives": {
    "net_electric": 568.7525072544514,
    "bootstrap": 0.8797833505988004,
    "TBR": 1.7513215326514087,
    "wall_load": 1.6453227954187903,
    "capex_billion": 7.2997621400056785,
    "R": 11.705356564226312,
    "B0": 5.457008360167537
  },
  "feasible": true,
  "rank": 0,
  "crowding": Infinity
}