{
  "design": {
    "R": 8.251588464760225,
    "a": 2.5842571328170996,
    "kappa": 1.7129028479957118,
    "B0": 6.699527044792932,
    "Ip": 21.452100375555393,
    "Ti": 39.96224247277556,
    "Te": 12.934229156287364,
    "H98": 1.3605174027746134,
    "fG": 0.6408407611101062,
    "frac_cap": 0.690273606817617,
    "reconn_trigger": 0.7836410572620974,
    "conf_trigger": 0.6075039994542425,
    "lithium_thickness": 0.0014,
    "lithium_velocity": 7.906679149080978,
    "liquid_wall_li6_enrich": 0.9,
    "blanket_thickness": 4.0,
    "l1": "W_Ti_B4C_Cr_55_25_10_10_wt",
    "l1_li6": 0.9,
    "l1_pack": 1.2,
    "l2": "Pb",
    "l2_li6": 0.9,
    "l2_pack": 1.0,
    "l3": "W_Ti_B4C_Cr_55_25_10_10_wt",
    "l3_li6": 0.9,
    "l3_pack": 1.2,
    "l4": "SiC",
    "l4_li6": 0.9,
    "l4_pack": 1.15,
    "split": [
      0.45,
      0.1,
      0.3,
      0.15
    ],
    "li6_frac": 0.2150163677435002,
    "mult_frac": 0.31867721882484784,
    "cooling_eff": 0.4854423966529311,
    "coolant_outlet_K": 880.2944022018678,
    "mc_samples": 300000,
    "li_current": 0.1,
    "severity_scale": 0.6,
    "supervisor_enabled": true,
    "supervisor_level": "aggressive",
    "blanket_family": "Li2O_W_Be_Li2O",
    "reflector_thickness": 2.5,
    "reflector_material": "Be12Ti"
  },
  "result": {
    "score": -4658.016660122689,
    "net_electric": 2071.998501812564,
    "net_electric_raw": 2072.187072480849,
    "event_severity": 0.02,
    "event_loss_frac": 9.10007936974232e-05,
    "TBR": 0.950033770773934,
    "fail_rate": 0.013000113385346174,
    "fail_count": 3900,
    "damage_per_event": 0.0,
    "total_damage": 0.0,
    "damage_rate": 0.0,
    "wall_load": 3.635983690297054,
    "raw_wall_load": 5.976591222065999,
    "lithium_wall_modifier": 1.6437343319264783,
    "performance_boost": 1.6437343319264783,
    "bootstrap": 0.6051451090562006,
    "wall_temp": 99.6098537011,
    "blanket_model": "openmc",
    "blanket_attenuation": 1.0,
    "blanket_front_heating_frac": 0.005823584845369705,
    "capex_billion": 13.367699062738634,
    "annual_revenue_musd": 816.8561439719509,
    "annual_cost_musd": 1203.0929156464772,
    "mc_samples": 300000,
    "tct_control_strength": 1.0,
    "tct_precursor": 0.4000075590230782,
    "tct_upstream_factor": 1.0,
    "tct_risk_R": 1.0,
    "tct_risk_H": 1.2598371796972797e-05,
    "tct_n_used": 1.0,
    "tct_B_used": 6.699527044792932,
    "tct_Te_used": 12.934229156287364
  },
  "summary": {
    "tag": "case_0144",
    "blanket_family": "Li2O_W_Be_Li2O",
    "blanket_thickness": 4.0,
    "reflector_thickness": 2.5,
    "lithium_thickness": 0.0014,
    "reflector_material": "Be12Ti",
    "pack": 1.2,
    "split": "(0.45, 0.1, 0.3, 0.15)",
    "blanket_model": "openmc",
    "TBR": 0.950033770773934,
    "blanket_attenuation": 1.0,
    "blanket_front_heating_frac": 0.005823584845369705,
    "net_electric": 2071.998501812564,
    "net_electric_raw": 2072.187072480849,
    "wall_load": 3.635983690297054,
    "wall_temp": 99.6098537011,
    "fail_rate": 0.013000113385346174,
    "score": -4658.016660122689,
    "ranking_score": 19257.292907175397
  }
}