{
  "rows": [
    {
      "radius_cm": 55.0,
      "TBR_openmc": 2.215532468441857,
      "ATTN_openmc": 0.9997109977556631,
      "GRAD_openmc": 0.9998875566052617,
      "front_heating_raw": 0.2226257693878698,
      "front_heat_adjusted": 0.37177004695168936,
      "front_excess": 0.06262576938786979,
      "trap_factor": 0.9210107279225741,
      "peakedness_penalty": 0.1491442775638196,
      "wall_load_raw": 619.972827004788,
      "wall_load_corrected": 500.62805780636626,
      "wall_temp_raw": 22141.886678742427,
      "wall_temp_corrected": 16329.641425572541,
      "fail_rate_raw": 0.013000113385346174,
      "fail_rate_corrected": 0.009360081637449245,
      "spread_credit": 0.35,
      "healing_credit": 0.28,
      "net_electric": 3824.6410801649745,
      "engineering_score": 88.27675513058497
    },
    {
      "radius_cm": 60.0,
      "TBR_openmc": 2.2056777066161612,
      "ATTN_openmc": 0.9996137116918948,
      "GRAD_openmc": 0.9998385731000005,
      "front_heating_raw": 0.22348028300896292,
      "front_heat_adjusted": 0.3719877632405605,
      "front_excess": 0.06348028300896291,
      "trap_factor": 0.8929512513424002,
      "peakedness_penalty": 0.1485074802315976,
      "wall_load_raw": 477.5369402450075,
      "wall_load_corrected": 385.6110792478435,
      "wall_temp_raw": 17054.890723035984,
      "wall_temp_corrected": 12577.981908239039,
      "fail_rate_raw": 0.013000113385346174,
      "fail_rate_corrected": 0.009360081637449245,
      "spread_credit": 0.35,
      "healing_credit": 0.28,
      "net_electric": 3470.4606590318404,
      "engineering_score": 95.49893204767912
    }
  ],
  "ranked": [
    {
      "radius_cm": 60.0,
      "TBR_openmc": 2.2056777066161612,
      "ATTN_openmc": 0.9996137116918948,
      "GRAD_openmc": 0.9998385731000005,
      "front_heating_raw": 0.22348028300896292,
      "front_heat_adjusted": 0.3719877632405605,
      "front_excess": 0.06348028300896291,
      "trap_factor": 0.8929512513424002,
      "peakedness_penalty": 0.1485074802315976,
      "wall_load_raw": 477.5369402450075,
      "wall_load_corrected": 385.6110792478435,
      "wall_temp_raw": 17054.890723035984,
      "wall_temp_corrected": 12577.981908239039,
      "fail_rate_raw": 0.013000113385346174,
      "fail_rate_corrected": 0.009360081637449245,
      "spread_credit": 0.35,
      "healing_credit": 0.28,
      "net_electric": 3470.4606590318404,
      "engineering_score": 95.49893204767912
    },
    {
      "radius_cm": 55.0,
      "TBR_openmc": 2.215532468441857,
      "ATTN_openmc": 0.9997109977556631,
      "GRAD_openmc": 0.9998875566052617,
      "front_heating_raw": 0.2226257693878698,
      "front_heat_adjusted": 0.37177004695168936,
      "front_excess": 0.06262576938786979,
      "trap_factor": 0.9210107279225741,
      "peakedness_penalty": 0.1491442775638196,
      "wall_load_raw": 619.972827004788,
      "wall_load_corrected": 500.62805780636626,
      "wall_temp_raw": 22141.886678742427,
      "wall_temp_corrected": 16329.641425572541,
      "fail_rate_raw": 0.013000113385346174,
      "fail_rate_corrected": 0.009360081637449245,
      "spread_credit": 0.35,
      "healing_credit": 0.28,
      "net_electric": 3824.6410801649745,
      "engineering_score": 88.27675513058497
    }
  ]
}