{
  "timestamp_utc": "2026-04-06T00:04:13.387804Z",
  "input_file": "radius_head_to_head_result.json",
  "baseline_radius_cm": 60.0,
  "radius_values_cm": [
    60.0,
    70.0,
    80.0,
    90.0,
    100.0
  ],
  "attenuation_soft_cap": 0.995,
  "attenuation_penalty_scale": 50.0,
  "wall_load_screen_mw_m2": 10.0,
  "results": [
    {
      "radius_cm": 55.0,
      "TBR_openmc": 2.2155324684418574,
      "ATTN_openmc": 0.999710997755663,
      "GRAD_openmc": 0.9998875566052617,
      "front_heating_raw": 0.22262576938787035,
      "front_heating_corrected": 0.18756221070928078,
      "wall_load_raw": 619.972827004788,
      "wall_load_corrected": 500.62805780636626,
      "wall_temp_raw": 22141.886678742427,
      "wall_temp_corrected": 16329.641425572541,
      "fail_rate_raw": 0.013000113385346174,
      "fail_rate_corrected": 0.009360081637449245,
      "spread_credit": 0.35,
      "healing_credit": 0.28,
      "net_electric": 3824.6410801649745,
      "attenuation": 0.999710997755663,
      "gradient": 0.9998875566052617,
      "tbr": 2.2155324684418574,
      "ATTN": 0.999710997755663,
      "GRAD": 0.9998875566052617,
      "TBR": 2.2155324684418574,
      "rejected_reason": "attenuation_hard_cap",
      "attenuation_penalty": 0.23554988778314856,
      "score": -1e+18
    },
    {
      "radius_cm": 55.0,
      "TBR_openmc": 2.2155324684418574,
      "ATTN_openmc": 0.999710997755663,
      "GRAD_openmc": 0.9998875566052617,
      "front_heating_raw": 0.22262576938787035,
      "front_heating_corrected": 0.18756221070928078,
      "wall_load_raw": 619.972827004788,
      "wall_load_corrected": 500.62805780636626,
      "wall_temp_raw": 22141.886678742427,
      "wall_temp_corrected": 16329.641425572541,
      "fail_rate_raw": 0.013000113385346174,
      "fail_rate_corrected": 0.009360081637449245,
      "spread_credit": 0.35,
      "healing_credit": 0.28,
      "net_electric": 3824.6410801649745,
      "attenuation": 0.999710997755663,
      "gradient": 0.9998875566052617,
      "tbr": 2.2155324684418574,
      "ATTN": 0.999710997755663,
      "GRAD": 0.9998875566052617,
      "TBR": 2.2155324684418574,
      "rejected_reason": "attenuation_hard_cap",
      "attenuation_penalty": 0.23554988778314856,
      "score": -1e+18
    },
    {
      "radius_cm": 55.0,
      "TBR_openmc": 2.2155324684418574,
      "ATTN_openmc": 0.999710997755663,
      "GRAD_openmc": 0.9998875566052617,
      "front_heating_raw": 0.22262576938787035,
      "front_heating_corrected": 0.18756221070928078,
      "wall_load_raw": 619.972827004788,
      "wall_load_corrected": 500.62805780636626,
      "wall_temp_raw": 22141.886678742427,
      "wall_temp_corrected": 16329.641425572541,
      "fail_rate_raw": 0.013000113385346174,
      "fail_rate_corrected": 0.009360081637449245,
      "spread_credit": 0.35,
      "healing_credit": 0.28,
      "net_electric": 3824.6410801649745,
      "attenuation": 0.999710997755663,
      "gradient": 0.9998875566052617,
      "tbr": 2.2155324684418574,
      "ATTN": 0.999710997755663,
      "GRAD": 0.9998875566052617,
      "TBR": 2.2155324684418574,
      "rejected_reason": "attenuation_hard_cap",
      "attenuation_penalty": 0.23554988778314856,
      "score": -1e+18
    },
    {
      "radius_cm": 55.0,
      "TBR_openmc": 2.2155324684418574,
      "ATTN_openmc": 0.999710997755663,
      "GRAD_openmc": 0.9998875566052617,
      "front_heating_raw": 0.22262576938787035,
      "front_heating_corrected": 0.18756221070928078,
      "wall_load_raw": 619.972827004788,
      "wall_load_corrected": 500.62805780636626,
      "wall_temp_raw": 22141.886678742427,
      "wall_temp_corrected": 16329.641425572541,
      "fail_rate_raw": 0.013000113385346174,
      "fail_rate_corrected": 0.009360081637449245,
      "spread_credit": 0.35,
      "healing_credit": 0.28,
      "net_electric": 3824.6410801649745,
      "attenuation": 0.999710997755663,
      "gradient": 0.9998875566052617,
      "tbr": 2.2155324684418574,
      "ATTN": 0.999710997755663,
      "GRAD": 0.9998875566052617,
      "TBR": 2.2155324684418574,
      "rejected_reason": "attenuation_hard_cap",
      "attenuation_penalty": 0.23554988778314856,
      "score": -1e+18
    },
    {
      "radius_cm": 55.0,
      "TBR_openmc": 2.2155324684418574,
      "ATTN_openmc": 0.999710997755663,
      "GRAD_openmc": 0.9998875566052617,
      "front_heating_raw": 0.22262576938787035,
      "front_heating_corrected": 0.18756221070928078,
      "wall_load_raw": 619.972827004788,
      "wall_load_corrected": 500.62805780636626,
      "wall_temp_raw": 22141.886678742427,
      "wall_temp_corrected": 16329.641425572541,
      "fail_rate_raw": 0.013000113385346174,
      "fail_rate_corrected": 0.009360081637449245,
      "spread_credit": 0.35,
      "healing_credit": 0.28,
      "net_electric": 3824.6410801649745,
      "attenuation": 0.999710997755663,
      "gradient": 0.9998875566052617,
      "tbr": 2.2155324684418574,
      "ATTN": 0.999710997755663,
      "GRAD": 0.9998875566052617,
      "TBR": 2.2155324684418574,
      "rejected_reason": "attenuation_hard_cap",
      "attenuation_penalty": 0.23554988778314856,
      "score": -1e+18
    },
    {
      "radius_cm": 60.0,
      "TBR_openmc": 2.205677706616164,
      "ATTN_openmc": 0.9996137116918948,
      "GRAD_openmc": 0.9998385731000005,
      "front_heating_raw": 0.2234802830089622,
      "front_heating_corrected": 0.18828213843505065,
      "wall_load_raw": 477.5369402450075,
      "wall_load_corrected": 385.6110792478435,
      "wall_temp_raw": 17054.890723035984,
      "wall_temp_corrected": 12577.981908239039,
      "fail_rate_raw": 0.013000113385346174,
      "fail_rate_corrected": 0.009360081637449245,
      "spread_credit": 0.35,
      "healing_credit": 0.28,
      "net_electric": 3470.4606590318404,
      "attenuation": 0.9996137116918948,
      "gradient": 0.9998385731000005,
      "tbr": 2.205677706616164,
      "ATTN": 0.9996137116918948,
      "GRAD": 0.9998385731000005,
      "TBR": 2.205677706616164,
      "rejected_reason": "attenuation_hard_cap",
      "attenuation_penalty": 0.23068558459474198,
      "score": -1e+18
    },
    {
      "radius_cm": 60.0,
      "TBR_openmc": 2.205677706616164,
      "ATTN_openmc": 0.9996137116918948,
      "GRAD_openmc": 0.9998385731000005,
      "front_heating_raw": 0.2234802830089622,
      "front_heating_corrected": 0.18828213843505065,
      "wall_load_raw": 477.5369402450075,
      "wall_load_corrected": 385.6110792478435,
      "wall_temp_raw": 17054.890723035984,
      "wall_temp_corrected": 12577.981908239039,
      "fail_rate_raw": 0.013000113385346174,
      "fail_rate_corrected": 0.009360081637449245,
      "spread_credit": 0.35,
      "healing_credit": 0.28,
      "net_electric": 3470.4606590318404,
      "attenuation": 0.9996137116918948,
      "gradient": 0.9998385731000005,
      "tbr": 2.205677706616164,
      "ATTN": 0.9996137116918948,
      "GRAD": 0.9998385731000005,
      "TBR": 2.205677706616164,
      "rejected_reason": "attenuation_hard_cap",
      "attenuation_penalty": 0.23068558459474198,
      "score": -1e+18
    },
    {
      "radius_cm": 60.0,
      "TBR_openmc": 2.205677706616164,
      "ATTN_openmc": 0.9996137116918948,
      "GRAD_openmc": 0.9998385731000005,
      "front_heating_raw": 0.2234802830089622,
      "front_heating_corrected": 0.18828213843505065,
      "wall_load_raw": 477.5369402450075,
      "wall_load_corrected": 385.6110792478435,
      "wall_temp_raw": 17054.890723035984,
      "wall_temp_corrected": 12577.981908239039,
      "fail_rate_raw": 0.013000113385346174,
      "fail_rate_corrected": 0.009360081637449245,
      "spread_credit": 0.35,
      "healing_credit": 0.28,
      "net_electric": 3470.4606590318404,
      "attenuation": 0.9996137116918948,
      "gradient": 0.9998385731000005,
      "tbr": 2.205677706616164,
      "ATTN": 0.9996137116918948,
      "GRAD": 0.9998385731000005,
      "TBR": 2.205677706616164,