{
  "design": {
    "R": 8.752616339633178,
    "a": 2.6973883012608053,
    "kappa": 1.6389287332581193,
    "B0": 6.883652243207832,
    "Ip": 27.467668385967368,
    "Ti": 33.13427235836723,
    "Te": 19.511864222260535,
    "H98": 1.2029763763304206,
    "fG": 0.7102539683657001,
    "frac_cap": 0.8448276247786788,
    "reconn_trigger": 0.6231957159467805,
    "conf_trigger": 0.7451236214596203,
    "lithium_thickness": 0.0025567945167187856,
    "lithium_velocity": 6.5879910066928025,
    "liquid_wall_li6_enrich": 0.6712213059611962,
    "blanket_thickness": 1.213597935899056,
    "l1": "Li2TiO3",
    "l1_li6": 0.9,
    "l1_pack": 0.767966448071366,
    "l2": "W_Ti_B4C_60_30_10_wt",
    "l2_li6": 0.0,
    "l2_pack": 1.0,
    "l3": "W",
    "l3_li6": 0.0,
    "l3_pack": 1.0,
    "l4": "PbLi",
    "l4_li6": 0.9,
    "l4_pack": 1.0,
    "split": [
      0.2796873794196155,
      0.39997106411769706,
      0.0484781208703676,
      0.2718634355923199
    ],
    "li6_frac": 0.24593147102321025,
    "mult_frac": 0.32125703009627216,
    "cooling_eff": 0.46276655627004654,
    "coolant_outlet_K": 814.2889981218929,
    "mc_samples": 300000
  },
  "result": {
    "score": 969315.569647342,
    "net_electric": 2691.7963487007064,
    "TBR": 1.4000000000000001,
    "fail_rate": 0.0,
    "wall_load": 7.161369456330154,
    "wall_temp": 217.97797807312296,
    "bootstrap": 0.8351073682786225,
    "blanket_model": "openmc_dataset",
    "blanket_attenuation": 0.102116515625953,
    "blanket_front_heating_frac": 0.2245605244650363,
    "capex_billion": 15.757737932137832,
    "annual_revenue_musd": 1379437.9568551641,
    "annual_cost_musd": 1418.196413892405
  }
}