{
  "design": {
    "R": 8.561670502223295,
    "a": 2.2673111245320428,
    "kappa": 1.8520586686777334,
    "B0": 8.101315657897933,
    "Ip": 19.827679981190485,
    "Ti": 38.90252163085718,
    "Te": 17.492101075392316,
    "H98": 1.1816674524840454,
    "fG": 0.6484440914831519,
    "frac_cap": 0.5670799491530404,
    "reconn_trigger": 0.7069589718007401,
    "conf_trigger": 0.7003027966327534,
    "lithium_thickness": 0.0027422389210208183,
    "lithium_velocity": 1.7828770100869304,
    "liquid_wall_li6_enrich": 0.8814938809633958,
    "blanket_thickness": 0.825695352380506,
    "l1": "Pb",
    "l1_li6": 0.0,
    "l1_pack": 1.0,
    "l2": "Be12Ti",
    "l2_li6": 0.0,
    "l2_pack": 0.8043796580046599,
    "l3": "Be12Ti",
    "l3_li6": 0.0,
    "l3_pack": 0.6520242654499533,
    "l4": "W_Ti_B4C_Cr_55_25_10_10_wt",
    "l4_li6": 0.0,
    "l4_pack": 1.0,
    "split": [
      0.3217504690624399,
      0.32483218357870924,
      0.052626170063734656,
      0.300791177295116
    ],
    "li6_frac": 0.5229784372564699,
    "mult_frac": 0.5604723848952189,
    "cooling_eff": 0.4242290633898558,
    "coolant_outlet_K": 855.8756757118226,
    "mc_samples": 300000
  },
  "result": {
    "score": 786101.1131627823,
    "net_electric": 1536.3843777000639,
    "TBR": 1.4000000000000001,
    "fail_rate": 0.0,
    "wall_load": 5.079329991186532,
    "wall_temp": 165.81829041119096,
    "bootstrap": 0.4994306281528055,
    "blanket_model": "openmc_dataset",
    "blanket_attenuation": 0.0940643391478131,
    "blanket_front_heating_frac": 0.0673825247520502,
    "capex_billion": 12.244327861895151,
    "annual_revenue_musd": 787335.5381961747,
    "annual_cost_musd": 1101.9895075705635
  }
}