{
  "design": {
    "R": 8.780058312791402,
    "a": 2.158598865400574,
    "kappa": 2.172807276954675,
    "B0": 8.780226942488937,
    "Ip": 15.286731630021304,
    "Ti": 39.984164540882574,
    "Te": 10.171705942603081,
    "H98": 1.2354695709698118,
    "fG": 0.8078415289019344,
    "frac_cap": 0.5283768541581353,
    "reconn_trigger": 0.5722794907576596,
    "conf_trigger": 0.7079251590692834,
    "lithium_thickness": 0.001793910379173345,
    "lithium_velocity": 7.283818795811233,
    "liquid_wall_li6_enrich": 0.920013754232741,
    "blanket_thickness": 0.8840933408168743,
    "l1": "Li4SiO4",
    "l1_li6": 0.9,
    "l1_pack": 0.8989079746639788,
    "l2": "SiC",
    "l2_li6": 0.0,
    "l2_pack": 0.6192604895590538,
    "l3": "W",
    "l3_li6": 0.0,
    "l3_pack": 1.0,
    "l4": "Be",
    "l4_li6": 0.0,
    "l4_pack": 0.9362429884823582,
    "split": [
      0.279625174558715,
      0.3480708438357673,
      0.15288756393158465,
      0.21941641767393316
    ],
    "li6_frac": 0.40193671463736025,
    "mult_frac": 0.21017268077627876,
    "cooling_eff": 0.395461897180888,
    "coolant_outlet_K": 885.8534228266401,
    "mc_samples": 300000
  },
  "result": {
    "score": 900436.3508860382,
    "net_electric": 1775.723763784536,
    "TBR": 1.4000000000000001,
    "fail_rate": 0.0,
    "wall_load": 6.163955348165481,
    "wall_temp": 131.6378985218465,
    "bootstrap": 0.3812296629122292,
    "blanket_model": "openmc_dataset",
    "blanket_attenuation": 0.1529146527737298,
    "blanket_front_heating_frac": 0.3777032448746892,
    "capex_billion": 13.389619735008772,
    "annual_revenue_musd": 909987.3999890233,
    "annual_cost_musd": 1205.0657761507894
  }
}