{
  "design": {
    "R": 8.251588464760225,
    "a": 2.5842571328170996,
    "kappa": 1.7129028479957118,
    "B0": 6.699527044792932,
    "Ip": 21.452100375555393,
    "Ti": 39.96224247277556,
    "Te": 12.934229156287364,
    "H98": 1.3605174027746134,
    "fG": 0.6408407611101062,
    "frac_cap": 0.690273606817617,
    "reconn_trigger": 0.7836410572620974,
    "conf_trigger": 0.6075039994542425,
    "lithium_thickness": 0.0023948750070685353,
    "lithium_velocity": 7.906679149080978,
    "liquid_wall_li6_enrich": 0.8185339339568569,
    "blanket_thickness": 0.8303279670376644,
    "l1": "W_Ti_B4C_Cr_55_25_10_10_wt",
    "l1_li6": 0.0,
    "l1_pack": 1.0,
    "l2": "Pb",
    "l2_li6": 0.0,
    "l2_pack": 1.0,
    "l3": "W_Ti_B4C_Cr_55_25_10_10_wt",
    "l3_li6": 0.0,
    "l3_pack": 1.0,
    "l4": "SiC",
    "l4_li6": 0.0,
    "l4_pack": 0.8125855296731488,
    "split": [
      0.35338985639525544,
      0.15043463991683445,
      0.17072680178692393,
      0.3254487019009862
    ],
    "li6_frac": 0.2150163677435002,
    "mult_frac": 0.31867721882484784,
    "cooling_eff": 0.4854423966529311,
    "coolant_outlet_K": 880.2944022018678,
    "mc_samples": 300000
  },
  "result": {
    "score": 1237045.1646266344,
    "net_electric": 2416.863593642486,
    "TBR": 1.4000000000000001,
    "fail_rate": 0.0,
    "wall_load": 5.976591222065999,
    "wall_temp": 170.3951064903697,
    "bootstrap": 0.6051451090562006,
    "blanket_model": "openmc_dataset",
    "blanket_attenuation": 0.0706174053522328,
    "blanket_front_heating_frac": 0.1162649216536859,
    "capex_billion": 14.770805574339981,
    "annual_revenue_musd": 1238545.9171980284,
    "annual_cost_musd": 1329.3725016905983
  }
}