{
  "design": {
    "R": 8.679102168440949,
    "a": 1.9810539149629731,
    "kappa": 1.648120770950447,
    "B0": 7.264258310664329,
    "Ip": 21.023805842754022,
    "Ti": 36.206904817822476,
    "Te": 19.040572447546374,
    "H98": 1.1838461873839925,
    "fG": 0.6448309885094717,
    "frac_cap": 0.5161223699731137,
    "reconn_trigger": 0.5512085707700691,
    "conf_trigger": 0.662901048960453,
    "lithium_thickness": 0.001210243243454894,
    "lithium_velocity": 1.988512190500628,
    "liquid_wall_li6_enrich": 0.6543545182593854,
    "blanket_thickness": 1.4322953620972156,
    "l1": "Li",
    "l1_li6": 0.9,
    "l1_pack": 1.0,
    "l2": "Be12Ti",
    "l2_li6": 0.0,
    "l2_pack": 0.9085114734493259,
    "l3": "Be12Ti",
    "l3_li6": 0.0,
    "l3_pack": 0.9424081766000635,
    "l4": "SiC",
    "l4_li6": 0.0,
    "l4_pack": 0.6403664876318088,
    "split": [
      0.06541113699374651,
      0.13670354269178484,
      0.23744264398259232,
      0.5604426763318763
    ],
    "li6_frac": 0.8201556348743407,
    "mult_frac": 0.38423645722116234,
    "cooling_eff": 0.4835550885123756,
    "coolant_outlet_K": 1046.585079203477,
    "mc_samples": 300000
  },
  "result": {
    "score": 747516.285081492,
    "net_electric": 1468.87187546066,
    "TBR": 1.4000000000000001,
    "fail_rate": 0.0,
    "wall_load": 4.687503039727168,
    "wall_temp": 67.53593907742956,
    "bootstrap": 0.85,
    "blanket_model": "openmc_dataset",
    "blanket_attenuation": 0.0940643391478131,
    "blanket_front_heating_frac": 0.0673825247520502,
    "capex_billion": 11.72163143215401,
    "annual_revenue_musd": 752738.0812985698,
    "annual_cost_musd": 1054.946828893861
  }
}