{
  "design": {
    "R": 7.929282727454219,
    "a": 2.2029617345886168,
    "kappa": 2.2540124805526616,
    "B0": 6.595975089941751,
    "Ip": 16.51728704935497,
    "Ti": 36.090634549507286,
    "Te": 21.416333009848024,
    "H98": 0.9768126904705252,
    "fG": 0.6080123858454181,
    "frac_cap": 0.778282038127772,
    "reconn_trigger": 0.5729245487611637,
    "conf_trigger": 0.6964707087279443,
    "lithium_thickness": 0.0026712174433221577,
    "lithium_velocity": 6.312999467361233,
    "liquid_wall_li6_enrich": 0.635798463265356,
    "blanket_thickness": 1.371275540183916,
    "l1": "Pb",
    "l1_li6": 0.0,
    "l1_pack": 1.0,
    "l2": "Be",
    "l2_li6": 0.0,
    "l2_pack": 0.6956148501551898,
    "l3": "Li2TiO3",
    "l3_li6": 0.3,
    "l3_pack": 0.6335005312012791,
    "l4": "W_Ti_B4C_60_30_10_wt",
    "l4_li6": 0.0,
    "l4_pack": 1.0,
    "split": [
      0.07347406781869767,
      0.19372419788002687,
      0.1638649867511972,
      0.5689367475500783
    ],
    "li6_frac": 0.7872430696946303,
    "mult_frac": 0.3121975455250755,
    "cooling_eff": 0.4410991951018596,
    "coolant_outlet_K": 1021.5428533396322,
    "mc_samples": 300000
  },
  "result": {
    "score": 767403.4498822868,
    "net_electric": 1499.6302189995133,
    "TBR": 1.4000000000000001,
    "fail_rate": 0.0,
    "wall_load": 5.742903932190534,
    "wall_temp": 182.6255376070329,
    "bootstrap": 0.5253915285837203,
    "blanket_model": "openmc_dataset",
    "blanket_attenuation": 0.0896542534974534,
    "blanket_front_heating_frac": 0.3180598481999513,
    "capex_billion": 11.542344538586235,
    "annual_revenue_musd": 768500.5020284906,
    "annual_cost_musd": 1038.8110084727612
  }
}