{
  "design": {
    "R": 8.50080470481327,
    "a": 2.576045761344904,
    "kappa": 1.6257633525880788,
    "B0": 7.268886926186381,
    "Ip": 25.803425396901243,
    "Ti": 38.29626246320457,
    "Te": 17.386070771861064,
    "H98": 1.226975107265525,
    "fG": 0.6748974690372053,
    "frac_cap": 0.6441512898428738,
    "reconn_trigger": 0.7299393610241192,
    "conf_trigger": 0.7120480656279375,
    "lithium_thickness": 0.0012712108978410609,
    "lithium_velocity": 7.0420452885389295,
    "liquid_wall_li6_enrich": 0.604571083171114,
    "blanket_thickness": 1.1883100919995124,
    "l1": "PbLi",
    "l1_li6": 0.6,
    "l1_pack": 1.0,
    "l2": "W",
    "l2_li6": 0.0,
    "l2_pack": 1.0,
    "l3": "W_Ti_B4C_Cr_55_25_10_10_wt",
    "l3_li6": 0.0,
    "l3_pack": 1.0,
    "l4": "TiB2",
    "l4_li6": 0.0,
    "l4_pack": 0.8594274132914466,
    "split": [
      0.1793767102281994,
      0.011171416968083572,
      0.3399393270958681,
      0.469512545707849
    ],
    "li6_frac": 0.297449903881714,
    "mult_frac": 0.13343260028936227,
    "cooling_eff": 0.4717818562360243,
    "coolant_outlet_K": 888.7176557739378,
    "mc_samples": 300000
  },
  "result": {
    "score": 1191518.7949982139,
    "net_electric": 2669.06891041734,
    "TBR": 1.4000000000000001,
    "fail_rate": 0.0,
    "wall_load": 6.761633948119586,
    "wall_temp": 102.32693764359162,
    "bootstrap": 0.6759590681904004,
    "blanket_model": "openmc_dataset",
    "blanket_attenuation": 0.1487543753557728,
    "blanket_front_heating_frac": 0.200797212756633,
    "capex_billion": 15.77768753891388,
    "annual_revenue_musd": 1367791.05383247,
    "annual_cost_musd": 1419.9918785022492
  }
}