{
  "design": {
    "R": 8.125529812116277,
    "a": 2.6026017935676546,
    "kappa": 1.7539959804324456,
    "B0": 8.705410405567978,
    "Ip": 19.547370615422288,
    "Ti": 39.275662983445606,
    "Te": 18.149849642876056,
    "H98": 1.0708999694372603,
    "fG": 0.9218784692781046,
    "frac_cap": 0.5149473114769348,
    "reconn_trigger": 0.5901471738543876,
    "conf_trigger": 0.7943593373346,
    "lithium_thickness": 0.0008150552960954729,
    "lithium_velocity": 5.552721923997907,
    "liquid_wall_li6_enrich": 0.7921588832692253,
    "blanket_thickness": 1.4194638512900963,
    "l1": "B4C",
    "l1_li6": 0.0,
    "l1_pack": 0.9854669791936247,
    "l2": "Li4SiO4",
    "l2_li6": 0.6,
    "l2_pack": 0.9257847552423417,
    "l3": "Li2O",
    "l3_li6": 0.3,
    "l3_pack": 0.6687835617626507,
    "l4": "B4C",
    "l4_li6": 0.0,
    "l4_pack": 0.8955816386577812,
    "split": [
      0.048672115071347444,
      0.19337251164350558,
      0.1533805214592795,
      0.6045748518258675
    ],
    "li6_frac": 0.7410037219153622,
    "mult_frac": 0.47648635713615967,
    "cooling_eff": 0.46534444861013396,
    "coolant_outlet_K": 878.66216814833,
    "mc_samples": 300000
  },
  "result": {
    "score": 964824.1976319189,
    "net_electric": 1885.2628393191223,
    "TBR": 1.4000000000000001,
    "fail_rate": 0.0,
    "wall_load": 5.350244325469981,
    "wall_temp": 51.9136306295126,
    "bootstrap": 0.313341226907344,
    "blanket_model": "openmc_dataset",
    "blanket_attenuation": 0.0678217990521806,
    "blanket_front_heating_frac": 0.1129734051666973,
    "capex_billion": 13.666637224780795,
    "annual_revenue_musd": 966121.7946374774,
    "annual_cost_musd": 1229.9973502302714
  }
}