{
  "design": {
    "R": 7.841741409464758,
    "a": 2.5140912431927287,
    "kappa": 2.1934996370585815,
    "B0": 7.5301973404109415,
    "Ip": 21.52717636182409,
    "Ti": 31.696741731162465,
    "Te": 23.281508349955914,
    "H98": 0.9391906996702389,
    "fG": 0.8454751706688259,
    "frac_cap": 0.7517395798716064,
    "reconn_trigger": 0.7944833640510778,
    "conf_trigger": 0.5623911368643544,
    "lithium_thickness": 0.001267871373810469,
    "lithium_velocity": 6.8319766498126775,
    "liquid_wall_li6_enrich": 0.6652956302939363,
    "blanket_thickness": 1.0396928039476006,
    "l1": "TiB2",
    "l1_li6": 0.0,
    "l1_pack": 0.6254935475314752,
    "l2": "W_Ti_B4C_60_30_10_wt",
    "l2_li6": 0.0,
    "l2_pack": 1.0,
    "l3": "Li2TiO3",
    "l3_li6": 0.6,
    "l3_pack": 0.6554259990606033,
    "l4": "W",
    "l4_li6": 0.0,
    "l4_pack": 1.0,
    "split": [
      0.2670289685589383,
      0.30313426454541,
      0.2721825082703257,
      0.1576542586253259
    ],
    "li6_frac": 0.2635550104785089,
    "mult_frac": 0.4322027389189192,
    "cooling_eff": 0.49003142947604844,
    "coolant_outlet_K": 966.2113431265527,
    "mc_samples": 300000
  },
  "result": {
    "score": 779678.9194542499,
    "net_electric": 1904.0411062582602,
    "TBR": 1.4000000000000001,
    "fail_rate": 0.0,
    "wall_load": 6.805815249355493,
    "wall_temp": 102.72498012024508,
    "bootstrap": 0.3738842813195547,
    "blanket_model": "openmc_dataset",
    "blanket_attenuation": 0.1142217361304362,
    "blanket_front_heating_frac": 0.1925862189580392,
    "capex_billion": 13.275005340683032,
    "annual_revenue_musd": 975744.905313108,
    "annual_cost_musd": 1194.750480661473
  }
}