{
  "design": {
    "R": 8.46339070998895,
    "a": 2.2181948900509387,
    "kappa": 1.6981297854995197,
    "B0": 8.540823950672575,
    "Ip": 25.01158885416517,
    "Ti": 36.8212648875581,
    "Te": 11.164082884307556,
    "H98": 1.3300258306309154,
    "fG": 0.6388582482768632,
    "frac_cap": 0.5118594370732639,
    "reconn_trigger": 0.6198291331006636,
    "conf_trigger": 0.5941274606535575,
    "lithium_thickness": 0.0025947686737979835,
    "lithium_velocity": 7.861169012497361,
    "liquid_wall_li6_enrich": 0.6625168156923671,
    "blanket_thickness": 0.9007719571451455,
    "l1": "Li2TiO3",
    "l1_li6": 0.3,
    "l1_pack": 0.9371374922054113,
    "l2": "W_Ti_B4C_Cr_55_25_10_10_wt",
    "l2_li6": 0.0,
    "l2_pack": 1.0,
    "l3": "Li2O",
    "l3_li6": 0.9,
    "l3_pack": 0.7649832313813024,
    "l4": "Li",
    "l4_li6": 0.9,
    "l4_pack": 1.0,
    "split": [
      0.1625053465266037,
      0.026908412199176734,
      0.46811617464993366,
      0.34247006662428586
    ],
    "li6_frac": 0.6131418275286553,
    "mult_frac": 0.1757211150806373,
    "cooling_eff": 0.47980450768008764,
    "coolant_outlet_K": 797.535814579965,
    "mc_samples": 300000
  },
  "result": {
    "score": 851582.9425106603,
    "net_electric": 1664.446698140417,
    "TBR": 1.4000000000000001,
    "fail_rate": 0.0,
    "wall_load": 5.028531192586513,
    "wall_temp": 155.33184778261307,
    "bootstrap": 0.5805090817218824,
    "blanket_model": "openmc_dataset",
    "blanket_attenuation": 0.0982297742657773,
    "blanket_front_heating_frac": 0.2247484034342099,
    "capex_billion": 12.862301829665709,
    "annual_revenue_musd": 852962.3549290381,
    "annual_cost_musd": 1157.6071646699138
  }
}