{
  "design": {
    "R": 7.440211052385521,
    "a": 2.6151601907441346,
    "kappa": 1.6870290521241098,
    "B0": 5.505309828719449,
    "Ip": 17.442162970384995,
    "Ti": 38.80544336998666,
    "Te": 11.226852657192143,
    "H98": 1.2050657326676628,
    "fG": 0.7334020011958492,
    "frac_cap": 0.7181067113238433,
    "reconn_trigger": 0.7741962979699729,
    "conf_trigger": 0.678344211816149,
    "lithium_thickness": 0.0017307572325734645,
    "lithium_velocity": 1.596814254567817,
    "liquid_wall_li6_enrich": 0.6392134740699448,
    "blanket_thickness": 1.4983940911320484,
    "l1": "W",
    "l1_li6": 0.0,
    "l1_pack": 1.0,
    "l2": "Li4SiO4",
    "l2_li6": 0.6,
    "l2_pack": 0.7437225762610549,
    "l3": "SiC",
    "l3_li6": 0.0,
    "l3_pack": 0.8520786977721233,
    "l4": "B4C",
    "l4_li6": 0.0,
    "l4_pack": 0.7858674168392806,
    "split": [
      0.22744030948336721,
      0.1842010332766161,
      0.28710891642976694,
      0.30124974081024974
    ],
    "li6_frac": 0.2734221095930586,
    "mult_frac": 0.4265320031893297,
    "cooling_eff": 0.49791662271831005,
    "coolant_outlet_K": 814.0981863976199,
    "mc_samples": 300000
  },
  "result": {
    "score": 862436.2803833191,
    "net_electric": 1685.727764228084,
    "TBR": 1.4000000000000001,
    "fail_rate": 0.0,
    "wall_load": 4.739128176017448,
    "wall_temp": 97.646194842082,
    "bootstrap": 0.6680114155157971,
    "blanket_model": "openmc_dataset",
    "blanket_attenuation": 0.2095937169426268,
    "blanket_front_heating_frac": 0.4595982099172934,
    "capex_billion": 11.873603236934569,
    "annual_revenue_musd": 863868.0500563239,
    "annual_cost_musd": 1068.6242913241113
  }
}