{
  "design": {
    "R": 7.132274227964083,
    "a": 2.643913810649831,
    "kappa": 2.342835223615166,
    "B0": 7.0199705058936726,
    "Ip": 24.67810029016784,
    "Ti": 33.911857220573424,
    "Te": 14.842029467846,
    "H98": 1.0233978048921497,
    "fG": 0.8003514260674912,
    "frac_cap": 0.5810111622154924,
    "reconn_trigger": 0.7844163740157161,
    "conf_trigger": 0.6423873684676451,
    "lithium_thickness": 0.0027299646455814265,
    "lithium_velocity": 7.069076164242786,
    "liquid_wall_li6_enrich": 0.6064268585023381,
    "blanket_thickness": 0.7061288806535975,
    "l1": "Li4SiO4",
    "l1_li6": 0.6,
    "l1_pack": 0.7421342376581707,
    "l2": "W_Ti_B4C_Cr_55_25_10_10_wt",
    "l2_li6": 0.0,
    "l2_pack": 1.0,
    "l3": "W_Ti_B4C_Cr_55_25_10_10_wt",
    "l3_li6": 0.0,
    "l3_pack": 1.0,
    "l4": "Li",
    "l4_li6": 0.3,
    "l4_pack": 1.0,
    "split": [
      0.561220242651893,
      0.15016189423944662,
      0.08796388550950972,
      0.20065397759915068
    ],
    "li6_frac": 0.5500640122891339,
    "mult_frac": 0.5624815059913385,
    "cooling_eff": 0.4450096355662766,
    "coolant_outlet_K": 788.1404591130762,
    "mc_samples": 300000
  },
  "result": {
    "score": 748535.0330453063,
    "net_electric": 1462.791658853872,
    "TBR": 1.4000000000000001,
    "fail_rate": 0.0,
    "wall_load": 5.7906632342095765,
    "wall_temp": 188.19411790309934,
    "bootstrap": 0.23383965139246338,
    "blanket_model": "openmc_dataset",
    "blanket_attenuation": 0.0552893260349023,
    "blanket_front_heating_frac": 0.2971869109839704,
    "capex_billion": 11.443833427843508,
    "annual_revenue_musd": 749622.2134962552,
    "annual_cost_musd": 1029.9450085059157
  }
}