{
  "design": {
    "R": 7.840182407295753,
    "a": 2.5586659684041697,
    "kappa": 2.2792305789978347,
    "B0": 8.867503653460343,
    "Ip": 20.95137901059791,
    "Ti": 37.621819563088806,
    "Te": 22.58634202676642,
    "H98": 1.184002472014186,
    "fG": 0.6145324899069533,
    "frac_cap": 0.6728863463359308,
    "reconn_trigger": 0.6546594479577376,
    "conf_trigger": 0.5902974344360787,
    "lithium_thickness": 0.0020307769675997757,
    "lithium_velocity": 7.264134883775494,
    "liquid_wall_li6_enrich": 0.7116097765928466,
    "blanket_thickness": 1.419572749800063,
    "l1": "Li",
    "l1_li6": 0.9,
    "l1_pack": 1.0,
    "l2": "PbLi",
    "l2_li6": 0.3,
    "l2_pack": 1.0,
    "l3": "Be",
    "l3_li6": 0.0,
    "l3_pack": 0.8673519953257864,
    "l4": "W",
    "l4_li6": 0.0,
    "l4_pack": 1.0,
    "split": [
      0.24168774251091207,
      0.37698928320622144,
      0.33677052614498776,
      0.0445524481378788
    ],
    "li6_frac": 0.11546505620375103,
    "mult_frac": 0.5931434331835294,
    "cooling_eff": 0.45852692096991104,
    "coolant_outlet_K": 950.7572005620051,
    "mc_samples": 300000
  },
  "result": {
    "score": 874858.921891564,
    "net_electric": 1709.6760478956382,
    "TBR": 1.4000000000000001,
    "fail_rate": 0.0,
    "wall_load": 5.376505599561402,
    "wall_temp": 129.98194925905378,
    "bootstrap": 0.17711825134751075,
    "blanket_model": "openmc_dataset",
    "blanket_attenuation": 0.2216440567354621,
    "blanket_front_heating_frac": 0.1744962783826188,
    "capex_billion": 13.078422579731564,
    "annual_revenue_musd": 876140.5875045989,
    "annual_cost_musd": 1177.0580321758407
  }
}