{
  "design": {
    "R": 7.691784408217876,
    "a": 2.19120561772359,
    "kappa": 1.7277853803991778,
    "B0": 7.30603636345948,
    "Ip": 22.15150499379808,
    "Ti": 33.69345500669719,
    "Te": 13.08884940410686,
    "H98": 0.9268699307335488,
    "fG": 0.832298869205805,
    "frac_cap": 0.5759783442706314,
    "reconn_trigger": 0.5710357833328884,
    "conf_trigger": 0.743959564545395,
    "lithium_thickness": 0.0029157135196779247,
    "lithium_velocity": 1.5630186898585028,
    "liquid_wall_li6_enrich": 0.6883340835570946,
    "blanket_thickness": 1.3652784448291708,
    "l1": "W_Ti_B4C_Cr_55_25_10_10_wt",
    "l1_li6": 0.0,
    "l1_pack": 1.0,
    "l2": "Li",
    "l2_li6": 0.6,
    "l2_pack": 1.0,
    "l3": "PbLi",
    "l3_li6": 0.9,
    "l3_pack": 1.0,
    "l4": "Li4SiO4",
    "l4_li6": 0.3,
    "l4_pack": 0.7945949463770744,
    "split": [
      0.34679974863294444,
      0.25379923874310795,
      0.2629402999942437,
      0.136460712629704
    ],
    "li6_frac": 0.2137991519654785,
    "mult_frac": 0.05659811750504968,
    "cooling_eff": 0.4367772276276731,
    "coolant_outlet_K": 943.799353856994,
    "mc_samples": 300000
  },
  "result": {
    "score": 784079.0092076518,
    "net_electric": 1576.7338473909958,
    "TBR": 1.4000000000000001,
    "fail_rate": 0.0,
    "wall_load": 6.257661250160542,
    "wall_temp": 217.2088989125923,
    "bootstrap": 0.7967102415947334,
    "blanket_model": "openmc_dataset",
    "blanket_attenuation": 0.2020503227290214,
    "blanket_front_heating_frac": 0.3011095775633933,
    "capex_billion": 12.019212355298588,
    "annual_revenue_musd": 808013.0274339896,
    "annual_cost_musd": 1081.729111976873
  }
}