{
  "design": {
    "R": 8.911369651208997,
    "a": 2.0292453704367803,
    "kappa": 2.037377624436452,
    "B0": 8.219434007001304,
    "Ip": 19.30876792136467,
    "Ti": 34.60566818959958,
    "Te": 10.522960237523593,
    "H98": 0.9084984687039029,
    "fG": 0.8422112679214777,
    "frac_cap": 0.512871089193002,
    "reconn_trigger": 0.5680304370186819,
    "conf_trigger": 0.6581135189372118,
    "lithium_thickness": 0.002974294019756604,
    "lithium_velocity": 1.5964030997009118,
    "liquid_wall_li6_enrich": 0.687203537695905,
    "blanket_thickness": 1.475522279805035,
    "l1": "B4C",
    "l1_li6": 0.0,
    "l1_pack": 0.7537967812321463,
    "l2": "Li4SiO4",
    "l2_li6": 0.6,
    "l2_pack": 0.7338459251033498,
    "l3": "Li2O",
    "l3_li6": 0.9,
    "l3_pack": 0.6713528560212184,
    "l4": "W",
    "l4_li6": 0.0,
    "l4_pack": 1.0,
    "split": [
      0.54091499802312,
      0.043424660129864075,
      0.2928705634274307,
      0.1227897784195853
    ],
    "li6_frac": 0.7748663310704942,
    "mult_frac": 0.38324136469746634,
    "cooling_eff": 0.47396779935682604,
    "coolant_outlet_K": 1019.7428815222224,
    "mc_samples": 300000
  },
  "result": {
    "score": 936902.9463861699,
    "net_electric": 1920.427006679724,
    "TBR": 1.4000000000000001,
    "fail_rate": 0.0,
    "wall_load": 6.385606566311383,
    "wall_temp": 226.10323122260056,
    "bootstrap": 0.6530209518432006,
    "blanket_model": "openmc_dataset",
    "blanket_attenuation": 0.0982363434691065,
    "blanket_front_heating_frac": 0.6107389593344842,
    "capex_billion": 13.699251978671729,
    "annual_revenue_musd": 984142.0238430914,
    "annual_cost_musd": 1232.9326780804558
  }
}