{
  "design": {
    "R": 5.460771070944195,
    "a": 2.6241861042835994,
    "kappa": 1.990992720467534,
    "B0": 7.530531379630833,
    "Ip": 24.00728265656891,
    "Ti": 35.13341787128751,
    "Te": 19.686007910828884,
    "H98": 1.239409955494169,
    "fG": 0.7524805515643318,
    "frac_cap": 0.6554089190970087,
    "reconn_trigger": 0.6403481889500326,
    "conf_trigger": 0.7741382269373521,
    "lithium_thickness": 0.0016294069067386487,
    "lithium_velocity": 2.104754869557543,
    "liquid_wall_li6_enrich": 0.85494435719765,
    "blanket_thickness": 1.4195249587709866,
    "l1": "W",
    "l1_li6": 0.0,
    "l1_pack": 1.0,
    "l2": "Li",
    "l2_li6": 0.9,
    "l2_pack": 1.0,
    "l3": "W",
    "l3_li6": 0.0,
    "l3_pack": 1.0,
    "l4": "Be12Ti",
    "l4_li6": 0.0,
    "l4_pack": 0.993039379997382,
    "split": [
      0.1068833817182076,
      0.09476614769713873,
      0.11458924487600931,
      0.6837612257086444
    ],
    "li6_frac": 0.5145635986146373,
    "mult_frac": 0.12548054905040548,
    "cooling_eff": 0.49741711292828317,
    "coolant_outlet_K": 866.1223393819408,
    "mc_samples": 300000
  },
  "result": {
    "score": 760657.7985207614,
    "net_electric": 1505.5831511227511,
    "TBR": 1.4000000000000001,
    "fail_rate": 0.0,
    "wall_load": 6.181205569619895,
    "wall_temp": 119.90117913226261,
    "bootstrap": 0.17150459203071353,
    "blanket_model": "openmc_dataset",
    "blanket_attenuation": 0.1529146527737298,
    "blanket_front_heating_frac": 0.3777032448746892,
    "capex_billion": 11.597464669523001,
    "annual_revenue_musd": 771551.141624365,
    "annual_cost_musd": 1043.77182025707
  }
}