{
  "design": {
    "R": 8.388707977130943,
    "a": 2.4882985273000573,
    "kappa": 1.6693515423215164,
    "B0": 5.133004735131376,
    "Ip": 18.648062621921145,
    "Ti": 39.04753155422648,
    "Te": 17.87714081551107,
    "H98": 1.2428273410294604,
    "fG": 0.769381566058738,
    "frac_cap": 0.5972282790337989,
    "reconn_trigger": 0.677409637544853,
    "conf_trigger": 0.65552545045117,
    "lithium_thickness": 0.0005175666861402493,
    "lithium_velocity": 6.545552230550033,
    "liquid_wall_li6_enrich": 0.9218762892329841,
    "blanket_thickness": 0.9824293277584094,
    "l1": "Li2TiO3",
    "l1_li6": 0.6,
    "l1_pack": 0.8746999166538294,
    "l2": "W_Ti_B4C_60_30_10_wt",
    "l2_li6": 0.0,
    "l2_pack": 1.0,
    "l3": "Li",
    "l3_li6": 0.9,
    "l3_pack": 1.0,
    "l4": "W_Ti_B4C_60_30_10_wt",
    "l4_li6": 0.0,
    "l4_pack": 1.0,
    "split": [
      0.17081528912820282,
      0.25734254375380416,
      0.4367807024839889,
      0.13506146463400406
    ],
    "li6_frac": 0.23168558262201377,
    "mult_frac": 0.46713079959340975,
    "cooling_eff": 0.46468144567139746,
    "coolant_outlet_K": 1003.6351578653303,
    "mc_samples": 300000
  },
  "result": {
    "score": 922164.808074608,
    "net_electric": 1809.7345673382163,
    "TBR": 1.4000000000000001,
    "fail_rate": 0.0,
    "wall_load": 4.8548853626128,
    "wall_temp": 29.913415818075112,
    "bootstrap": 0.85,
    "blanket_model": "openmc_dataset",
    "blanket_attenuation": 0.0687411529101893,
    "blanket_front_heating_frac": 0.3052916176372672,
    "capex_billion": 12.33504992524,
    "annual_revenue_musd": 927416.5763781425,
    "annual_cost_musd": 1110.1544932716001
  }
}