{
  "design": {
    "R": 7.355617080427203,
    "a": 2.692542849221065,
    "kappa": 1.9006172464428728,
    "B0": 8.427182607279029,
    "Ip": 18.800722910181264,
    "Ti": 36.930338998337646,
    "Te": 14.287187432760689,
    "H98": 1.2692095814041777,
    "fG": 0.932565954125143,
    "frac_cap": 0.6683846373499851,
    "reconn_trigger": 0.6579770576744491,
    "conf_trigger": 0.7173467491111282,
    "lithium_thickness": 0.0009342827750070591,
    "lithium_velocity": 7.9380043525858905,
    "liquid_wall_li6_enrich": 0.6324516921816524,
    "blanket_thickness": 1.3313306174670478,
    "l1": "W_Ti_B4C_Cr_55_25_10_10_wt",
    "l1_li6": 0.0,
    "l1_pack": 1.0,
    "l2": "Li4SiO4",
    "l2_li6": 0.6,
    "l2_pack": 0.727341327934071,
    "l3": "Li4SiO4",
    "l3_li6": 0.9,
    "l3_pack": 0.7398558013255301,
    "l4": "Be12Ti",
    "l4_li6": 0.0,
    "l4_pack": 0.8246698517306917,
    "split": [
      0.3811572788592075,
      0.05640598887101477,
      0.24653132966411131,
      0.3159054026056663
    ],
    "li6_frac": 0.2407440942389901,
    "mult_frac": 0.3689836899409727,
    "cooling_eff": 0.3549154903864615,
    "coolant_outlet_K": 872.2247285245795,
    "mc_samples": 300000
  },
  "result": {
    "score": 775024.3700509331,
    "net_electric": 1683.6624359246075,
    "TBR": 1.4000000000000001,
    "fail_rate": 0.0,
    "wall_load": 6.537002859892653,
    "wall_temp": 72.70725204963797,
    "bootstrap": 0.2510312463696216,
    "blanket_model": "openmc_dataset",
    "blanket_attenuation": 0.6606909270370473,
    "blanket_front_heating_frac": 0.1090683656491526,
    "capex_billion": 12.761435813313657,
    "annual_revenue_musd": 862809.6519139245,
    "annual_cost_musd": 1148.5292231982291
  }
}