{
  "design": {
    "R": 7.8373915061947645,
    "a": 2.5504576755227086,
    "kappa": 1.6149563450561695,
    "B0": 5.6041845707544855,
    "Ip": 22.138970606886183,
    "Ti": 37.97101447658957,
    "Te": 19.38796957386891,
    "H98": 1.367377934675895,
    "fG": 0.644741832035404,
    "frac_cap": 0.6713891574626394,
    "reconn_trigger": 0.6987183408296038,
    "conf_trigger": 0.7873407516323954,
    "lithium_thickness": 0.0005707720137101914,
    "lithium_velocity": 6.7964941024527565,
    "liquid_wall_li6_enrich": 0.8104946705505738,
    "blanket_thickness": 0.714953490452272,
    "l1": "Li2O",
    "l1_li6": 0.9,
    "l1_pack": 0.7363609588784271,
    "l2": "Be",
    "l2_li6": 0.0,
    "l2_pack": 0.8896816921686108,
    "l3": "PbLi",
    "l3_li6": 0.6,
    "l3_pack": 1.0,
    "l4": "Li",
    "l4_li6": 0.9,
    "l4_pack": 1.0,
    "split": [
      0.3759004198405344,
      0.39993066421628787,
      0.10130702801734603,
      0.12286188792583162
    ],
    "li6_frac": 0.43109761350555986,
    "mult_frac": 0.5464103630245324,
    "cooling_eff": 0.46224198020162666,
    "coolant_outlet_K": 1017.716303256897,
    "mc_samples": 300000
  },
  "result": {
    "score": 888916.4876504769,
    "net_electric": 1744.6684019626805,
    "TBR": 1.4000000000000001,
    "fail_rate": 0.0,
    "wall_load": 4.882783941158529,
    "wall_temp": 33.178052650081405,
    "bootstrap": 0.85,
    "blanket_model": "openmc_dataset",
    "blanket_attenuation": 0.1118047908049572,
    "blanket_front_heating_frac": 0.2074048311680913,
    "capex_billion": 12.153388202952433,
    "annual_revenue_musd": 894072.7692697952,
    "annual_cost_musd": 1093.804938265719
  }
}