{
  "design": {
    "R": 8.531780732404101,
    "a": 1.8845719376733876,
    "kappa": 1.6893490537043196,
    "B0": 5.4967598132494615,
    "Ip": 16.88630735980152,
    "Ti": 37.704310361247835,
    "Te": 24.59977593604873,
    "H98": 1.3186949019961456,
    "fG": 0.6096949812851004,
    "frac_cap": 0.6535002053366623,
    "reconn_trigger": 0.7239083236202803,
    "conf_trigger": 0.5700269397676591,
    "lithium_thickness": 0.002726966776650162,
    "lithium_velocity": 1.7105457599791856,
    "liquid_wall_li6_enrich": 0.9472900129914111,
    "blanket_thickness": 1.4470112882446782,
    "l1": "W_Ti_B4C_Cr_55_25_10_10_wt",
    "l1_li6": 0.0,
    "l1_pack": 1.0,
    "l2": "PbLi",
    "l2_li6": 0.3,
    "l2_pack": 1.0,
    "l3": "W",
    "l3_li6": 0.0,
    "l3_pack": 1.0,
    "l4": "Pb",
    "l4_li6": 0.0,
    "l4_pack": 1.0,
    "split": [
      0.41787190089425275,
      0.0457942092404346,
      0.28593616338791994,
      0.2503977264773927
    ],
    "li6_frac": 0.12602234063590595,
    "mult_frac": 0.3400003478754477,
    "cooling_eff": 0.4509305714558144,
    "coolant_outlet_K": 1006.3618291950395,
    "mc_samples": 300000
  },
  "result": {
    "score": 888554.4161700142,
    "net_electric": 1746.7496787377002,
    "TBR": 1.4000000000000001,
    "fail_rate": 0.0,
    "wall_load": 6.0675046687037355,
    "wall_temp": 196.97480534196234,
    "bootstrap": 0.85,
    "blanket_model": "openmc_dataset",
    "blanket_attenuation": 0.1286499479745286,
    "blanket_front_heating_frac": 0.3298779659309112,
    "capex_billion": 12.215378506748733,
    "annual_revenue_musd": 895139.3403659217,
    "annual_cost_musd": 1099.384065607386
  }
}