{
  "design": {
    "R": 7.532719416834844,
    "a": 2.398892259511243,
    "kappa": 1.8882699167702177,
    "B0": 8.709454767681658,
    "Ip": 23.014879846560788,
    "Ti": 38.38015073570292,
    "Te": 20.83806003307197,
    "H98": 1.1065895612027625,
    "fG": 0.8152724467864543,
    "frac_cap": 0.5091976419059785,
    "reconn_trigger": 0.5753471894800084,
    "conf_trigger": 0.5602251367276737,
    "lithium_thickness": 0.0013531295721535917,
    "lithium_velocity": 7.829727676997664,
    "liquid_wall_li6_enrich": 0.9343724387884749,
    "blanket_thickness": 0.8159692848057661,
    "l1": "Pb",
    "l1_li6": 0.0,
    "l1_pack": 1.0,
    "l2": "PbLi",
    "l2_li6": 0.3,
    "l2_pack": 1.0,
    "l3": "Be",
    "l3_li6": 0.0,
    "l3_pack": 0.6995425242105323,
    "l4": "Li4SiO4",
    "l4_li6": 0.9,
    "l4_pack": 0.6379766261297465,
    "split": [
      0.32351346580756773,
      0.00864516652967639,
      0.619086531093416,
      0.04875483656933979
    ],
    "li6_frac": 0.18236567616822785,
    "mult_frac": 0.12917470936088493,
    "cooling_eff": 0.4886603000137873,
    "coolant_outlet_K": 983.467783470533,
    "mc_samples": 300000
  },
  "result": {
    "score": 827277.6325514889,
    "net_electric": 2346.6390275659373,
    "TBR": 1.4000000000000001,
    "fail_rate": 0.0,
    "wall_load": 7.1162350385001405,
    "wall_temp": 114.63319134512015,
    "bootstrap": 0.33485108957307985,
    "blanket_model": "openmc_dataset",
    "blanket_attenuation": 0.2725761607955319,
    "blanket_front_heating_frac": 0.1774708558522572,
    "capex_billion": 15.149269514045464,
    "annual_revenue_musd": 1202558.6360664403,
    "annual_cost_musd": 1363.4342562640918
  }
}