{
  "design": {
    "R": 8.251450696469057,
    "a": 1.9850199905047337,
    "kappa": 2.000118441567377,
    "B0": 5.706435993218076,
    "Ip": 15.034826299550339,
    "Ti": 35.59639410159819,
    "Te": 13.609867885526164,
    "H98": 0.9799117630160102,
    "fG": 0.9425328851297841,
    "frac_cap": 0.5491663626376612,
    "reconn_trigger": 0.7204915089768635,
    "conf_trigger": 0.6377069035838554,
    "lithium_thickness": 0.0011276028288603698,
    "lithium_velocity": 2.9178730214567934,
    "liquid_wall_li6_enrich": 0.9173737385207904,
    "blanket_thickness": 1.48162237410212,
    "l1": "W_Ti_B4C_60_30_10_wt",
    "l1_li6": 0.0,
    "l1_pack": 1.0,
    "l2": "SiC",
    "l2_li6": 0.0,
    "l2_pack": 0.9736950019975903,
    "l3": "Pb",
    "l3_li6": 0.0,
    "l3_pack": 1.0,
    "l4": "Li2O",
    "l4_li6": 0.6,
    "l4_pack": 0.9440154792860126,
    "split": [
      0.18423621645533328,
      0.2870794783944905,
      0.1370491976942758,
      0.39163510745590036
    ],
    "li6_frac": 0.6660328342618662,
    "mult_frac": 0.18111778192955513,
    "cooling_eff": 0.49964460330339944,
    "coolant_outlet_K": 958.8878981184425,
    "mc_samples": 300000
  },
  "result": {
    "score": 901929.0585524368,
    "net_electric": 1936.671103327375,
    "TBR": 1.4000000000000001,
    "fail_rate": 0.0,
    "wall_load": 6.533249574280579,
    "wall_temp": 87.70131787630461,
    "bootstrap": 0.85,
    "blanket_model": "openmc_dataset",
    "blanket_attenuation": 0.0588916468354164,
    "blanket_front_heating_frac": 0.1778423558465827,
    "capex_billion": 12.898677931281032,
    "annual_revenue_musd": 992466.4736111467,
    "annual_cost_musd": 1160.8810138152928
  }
}