{
  "design": {
    "R": 7.940596878355521,
    "a": 2.408946126220029,
    "kappa": 1.6107062594075874,
    "B0": 5.659330064144513,
    "Ip": 26.946519204381236,
    "Ti": 34.03878647565289,
    "Te": 23.968863721712413,
    "H98": 0.9082622360492196,
    "fG": 0.7333489694290314,
    "frac_cap": 0.5949273488959439,
    "reconn_trigger": 0.6066819189976966,
    "conf_trigger": 0.6088466107337515,
    "lithium_thickness": 0.0013677662159997436,
    "lithium_velocity": 5.908358125038465,
    "liquid_wall_li6_enrich": 0.87612818365627,
    "blanket_thickness": 1.3323990094376996,
    "l1": "Li2O",
    "l1_li6": 0.9,
    "l1_pack": 0.824440532015582,
    "l2": "Be12Ti",
    "l2_li6": 0.0,
    "l2_pack": 0.9541607906040086,
    "l3": "Be12Ti",
    "l3_li6": 0.0,
    "l3_pack": 0.8969790209409589,
    "l4": "PbLi",
    "l4_li6": 0.9,
    "l4_pack": 1.0,
    "split": [
      0.25917393336743977,
      0.4192691933370897,
      0.1685623136836268,
      0.15299455961184366
    ],
    "li6_frac": 0.7715222904596452,
    "mult_frac": 0.18856849882235754,
    "cooling_eff": 0.47958822124090544,
    "coolant_outlet_K": 768.0509404407429,
    "mc_samples": 300000
  },
  "result": {
    "score": 814717.0194746756,
    "net_electric": 1599.75107506963,
    "TBR": 1.4000000000000001,
    "fail_rate": 0.0,
    "wall_load": 5.608399077469304,
    "wall_temp": 91.32117600007908,
    "bootstrap": 0.85,
    "blanket_model": "openmc_dataset",
    "blanket_attenuation": 0.102116515625953,
    "blanket_front_heating_frac": 0.2245605244650363,
    "capex_billion": 11.657307762761727,
    "annual_revenue_musd": 819808.4359301826,
    "annual_cost_musd": 1049.1576986485554
  }
}