{
  "design": {
    "R": 8.33602485425257,
    "a": 2.3964710135294833,
    "kappa": 2.2572378610064474,
    "B0": 8.931848950177834,
    "Ip": 20.166736465279424,
    "Ti": 39.183410156734595,
    "Te": 19.89590753571833,
    "H98": 1.3119283498630185,
    "fG": 0.7051503802230822,
    "frac_cap": 0.5539565671996933,
    "reconn_trigger": 0.7215861992804047,
    "conf_trigger": 0.6346238712390868,
    "lithium_thickness": 0.0023268362474342316,
    "lithium_velocity": 2.9295224677893223,
    "liquid_wall_li6_enrich": 0.6472978205894945,
    "blanket_thickness": 0.7245433001343186,
    "l1": "Li",
    "l1_li6": 0.9,
    "l1_pack": 1.0,
    "l2": "B4C",
    "l2_li6": 0.0,
    "l2_pack": 0.6878623686004086,
    "l3": "Pb",
    "l3_li6": 0.0,
    "l3_pack": 1.0,
    "l4": "Li4SiO4",
    "l4_li6": 0.9,
    "l4_pack": 0.9912722340814257,
    "split": [
      0.08625843469471492,
      0.4910410490827408,
      0.034796827906476084,
      0.3879036883160682
    ],
    "li6_frac": 0.2856448466422823,
    "mult_frac": 0.4575161487621028,
    "cooling_eff": 0.46637857133311356,
    "coolant_outlet_K": 1032.9279647966873,
    "mc_samples": 300000
  },
  "result": {
    "score": 1132231.2334846288,
    "net_electric": 2263.8175742676694,
    "TBR": 1.4000000000000001,
    "fail_rate": 0.0,
    "wall_load": 6.296875909228593,
    "wall_temp": 174.4261798951009,
    "bootstrap": 0.24684382591538845,
    "blanket_model": "openmc_dataset",
    "blanket_attenuation": 0.1497821447359825,
    "blanket_front_heating_frac": 0.1197433525738467,
    "capex_billion": 15.058059483119983,
    "annual_revenue_musd": 1160115.95410921,
    "annual_cost_musd": 1355.2253534807985
  }
}