{
  "design": {
    "R": 7.7206701286728645,
    "a": 2.211132841990425,
    "kappa": 1.980063913976374,
    "B0": 5.41979198002448,
    "Ip": 22.03658200398781,
    "Ti": 36.307547876837376,
    "Te": 17.98435458668532,
    "H98": 1.348381759324885,
    "fG": 0.7035306521052223,
    "frac_cap": 0.5762586242788578,
    "reconn_trigger": 0.6130089637802133,
    "conf_trigger": 0.6461889213068522,
    "lithium_thickness": 0.0013777610491359474,
    "lithium_velocity": 5.597569158305625,
    "liquid_wall_li6_enrich": 0.8442777700314039,
    "blanket_thickness": 1.3076820978918882,
    "l1": "Li2O",
    "l1_li6": 0.9,
    "l1_pack": 0.7244592420328784,
    "l2": "TiB2",
    "l2_li6": 0.0,
    "l2_pack": 0.8551774740369809,
    "l3": "W_Ti_B4C_60_30_10_wt",
    "l3_li6": 0.0,
    "l3_pack": 1.0,
    "l4": "Li2TiO3",
    "l4_li6": 0.3,
    "l4_pack": 0.6208406297153151,
    "split": [
      0.12337043032239799,
      0.3257066405727748,
      0.1884285044544412,
      0.3624944246503859
    ],
    "li6_frac": 0.2958623535730107,
    "mult_frac": 0.11706443494272807,
    "cooling_eff": 0.4855157339586345,
    "coolant_outlet_K": 995.2144280450292,
    "mc_samples": 300000
  },
  "result": {
    "score": 954698.4736173121,
    "net_electric": 2141.4509687691157,
    "TBR": 1.4000000000000001,
    "fail_rate": 0.0,
    "wall_load": 6.676942294573422,
    "wall_temp": 109.5146550094245,
    "bootstrap": 0.85,
    "blanket_model": "openmc_dataset",
    "blanket_attenuation": 0.1988019922043934,
    "blanket_front_heating_frac": 0.1747239976987233,
    "capex_billion": 13.461242594246633,
    "annual_revenue_musd": 1097407.963455421,
    "annual_cost_musd": 1211.5118334821968
  }
}