{
  "ok": true,
  "design": {
    "lithium_thickness": 0.02473904439548125,
    "li6_frac": 0.17264304628174496,
    "l3": "TiB2",
    "Ti": 32.17620351118234,
    "l4_pack": 0.8718584428975611,
    "l2_li6": 0.5134680640074212,
    "mc_samples": 299136,
    "l3_pack": 1.9370352501391932,
    "blanket_thickness": 1.2128033378804384,
    "l2": "Li2TiO3",
    "Ip": 20.87217161877806,
    "l1_li6": 0.5395778719838571,
    "split": [
      0.2934380449303286,
      0.11484164730202964,
      0.401682051384194,
      0.19003825638344773
    ],
    "cooling_eff": 0.5296586791173443,
    "Te": 19.75431665214644,
    "a": 2.3946226423665373,
    "R": 6.886087682577945,
    "H98": 1.114641782195485,
    "liquid_wall_li6_enrich": 0.5269494052521118,
    "l4": "W_Ti_B4C_Cr_55_25_10_10_wt",
    "mult_frac": 0.8763694509792523,
    "fG": 0.6417338830963197,
    "B0": 4.578744654908272,
    "l1": "Li4SiO4",
    "l1_pack": 1.050818203426592,
    "l3_li6": 0.02318193401131949,
    "reconn_trigger": 0.853689471618288,
    "l2_pack": 1.5228797421120321,
    "conf_trigger": 0.6823813841255307,
    "lithium_velocity": 3.6574709232915485,
    "coolant_outlet_K": 872.1794575642535,
    "kappa": 1.8319717579861836,
    "l4_li6": 0.4828057396141078,
    "frac_cap": 0.5809062338597528
  },
  "result": {
    "score": 160970.32586515753,
    "net_electric": 524.7122975201802,
    "tct_control_strength": 1.0,
    "tct_precursor": 0.40000516616117593,
    "tct_upstream_factor": 1.0,
    "tct_risk_R": 1.0,
    "tct_risk_H": 8.610268626465292e-06,
    "tct_n_used": 1.0,
    "tct_B_used": 4.578744654908272,
    "tct_Te_used": 19.75431665214644,
    "TBR": 1.7956904173428039,
    "fail_rate": 0.0,
    "wall_load": 1.6607345024137312,
    "raw_wall_load": 2.2622458755192594,
    "lithium_wall_modifier": 1.3621959875171403,
    "performance_boost": 1.0434635185020569,
    "bootstrap_boost": 1.036219598751714,
    "wall_temp": 489.10695933715186,
    "bootstrap": 0.7561050544853721,
    "blanket_model": "openmc_dataset",
    "blanket_attenuation": 0.6001000639031306,
    "blanket_front_heating_frac": 0.42,
    "capex_billion": 6.585200001241074,
    "annual_revenue_musd": 268894.0639871916,
    "annual_cost_musd": 592.6680001116968
  },
  "score": 161147.26914583208,
  "objectives": {
    "net_electric": 524.7122975201802,
    "bootstrap": 0.7561050544853721,
    "TBR": 1.7956904173428039,
    "wall_load": 1.6607345024137312,
    "capex_billion": 6.585200001241074,
    "R": 6.886087682577945,
    "B0": 4.578744654908272
  },
  "feasible": true,
  "rank": 0,
  "crowding": Infinity
}