{
  "ok": true,
  "design": {
    "lithium_thickness": 0.006819238177000957,
    "li6_frac": 0.48652482717607126,
    "l3": "Pb",
    "Ti": 32.62213644757035,
    "l4_pack": 1.4348840144600385,
    "l2_li6": 0.46590599709046343,
    "mc_samples": 277011,
    "l3_pack": 0.49411145510152554,
    "blanket_thickness": 0.81075277019521,
    "l2": "Li2O",
    "Ip": 23.733960410644876,
    "l1_li6": 0.19554999205412102,
    "split": [
      0.24732076929279587,
      0.04922088240045713,
      0.30509159007605635,
      0.39836675823069073
    ],
    "cooling_eff": 0.4656789532574816,
    "Te": 19.79962944322237,
    "a": 2.5817100860437474,
    "R": 5.412416714620511,
    "H98": 1.3646845469952897,
    "liquid_wall_li6_enrich": 0.4817140713836805,
    "l4": "W",
    "mult_frac": 0.29992690665738986,
    "fG": 0.7293880235689073,
    "B0": 6.960146445032953,
    "l1": "Pb",
    "l1_pack": 1.1042045224007127,
    "l3_li6": 0.6441621958875742,
    "reconn_trigger": 0.5719848811342612,
    "l2_pack": 1.0058918971099564,
    "conf_trigger": 0.3355693846325809,
    "lithium_velocity": 4.992838286153043,
    "coolant_outlet_K": 1147.3040208973412,
    "kappa": 2.296816483304015,
    "l4_li6": 0.2587208572272849,
    "frac_cap": 0.95
  },
  "result": {
    "score": -275640.6045001821,
    "net_electric": 2694.6871956912105,
    "tct_control_strength": 1.0,
    "tct_precursor": 0.40000785307787456,
    "tct_upstream_factor": 0.65,
    "tct_risk_R": 1.0,
    "tct_risk_H": 1.3088463124282202e-05,
    "tct_n_used": 1.0,
    "tct_B_used": 6.960146445032953,
    "tct_Te_used": 19.79962944322237,
    "TBR": 1.7795813834272711,
    "fail_rate": 0.0,
    "wall_load": 7.95475586176026,
    "raw_wall_load": 10.695522114372217,
    "lithium_wall_modifier": 1.3445443581477143,
    "performance_boost": 1.0413453229777256,
    "bootstrap_boost": 1.0362177172289058,
    "wall_temp": 645.7782721575918,
    "bootstrap": 0.22256429217481502,
    "blanket_model": "openmc_dataset",
    "blanket_attenuation": 0.6907749706281328,
    "blanket_front_heating_frac": 0.42,
    "capex_billion": 15.304183654950057,
    "annual_revenue_musd": 1380919.4003039177,
    "annual_cost_musd": 1377.376528945505
  },
  "score": -275468.81983650196,
  "objectives": {
    "net_electric": 2694.6871956912105,
    "bootstrap": 0.22256429217481502,
    "TBR": 1.7795813834272711,
    "wall_load": 7.95475586176026,
    "capex_billion": 15.304183654950057,
    "R": 5.412416714620511,
    "B0": 6.960146445032953
  },
  "feasible": true,
  "rank": 0,
  "crowding": 1.0507693035307877
}