{
  "ok": true,
  "design": {
    "R": 5.127695561250308,
    "a": 2.0017051636663394,
    "kappa": 2.068068771739569,
    "B0": 5.245867837326295,
    "Ip": 25.676606311602853,
    "Ti": 29.392439134055955,
    "Te": 19.397555173951982,
    "H98": 1.0982141508656658,
    "fG": 0.7848275441080084,
    "frac_cap": 0.8003012443625548,
    "reconn_trigger": 0.6570979432537272,
    "conf_trigger": 0.6616595301269863,
    "lithium_thickness": 0.001149028209050398,
    "lithium_velocity": 3.974463926029671,
    "liquid_wall_li6_enrich": 0.7041334056930456,
    "blanket_thickness": 1.4864891081191307,
    "l1": "W",
    "l1_li6": 0.0,
    "l1_pack": 1.0,
    "l2": "Li2O",
    "l2_li6": 0.6,
    "l2_pack": 0.601079596761696,
    "l3": "Li2TiO3",
    "l3_li6": 0.3,
    "l3_pack": 0.7748627606274772,
    "l4": "Pb",
    "l4_li6": 0.0,
    "l4_pack": 1.0,
    "split": [
      0.18743914256045596,
      0.39645604380752514,
      0.09810744077045863,
      0.3179973728615603
    ],
    "li6_frac": 0.17586040959857402,
    "mult_frac": 0.06156982577775018,
    "cooling_eff": 0.45095077511067627,
    "coolant_outlet_K": 1022.5744869346024,
    "mc_samples": 300000
  },
  "result": {
    "score": -4671343.265592534,
    "net_electric": 2068.0510084188304,
    "tct_control_strength": 1.0,
    "tct_precursor": 0.4000059188709565,
    "tct_upstream_factor": 1.0,
    "tct_risk_R": 1.0,
    "tct_risk_H": 9.86478492743527e-06,
    "tct_n_used": 1.0,
    "tct_B_used": 5.245867837326295,
    "tct_Te_used": 19.397555173951982,
    "TBR": 1.803829708022368,
    "fail_rate": 0.0,
    "wall_load": 10.870249890412811,
    "raw_wall_load": 12.9358751008466,
    "lithium_wall_modifier": 1.1900255496661212,
    "performance_boost": 1.0228030659599345,
    "bootstrap_boost": 1.0240922076130927,
    "wall_temp": 148.69314004180137,
    "bootstrap": 0.8704783764711288,
    "blanket_model": "openmc_dataset",
    "blanket_attenuation": 0.5452838009957218,
    "blanket_front_heating_frac": 0.42,
    "capex_billion": 12.793368410530059,
    "annual_revenue_musd": 1059793.419774314,
    "annual_cost_musd": 1151.4031569477052
  },
  "score": -4671393.563489129,
  "objectives": {
    "net_electric": 2068.0510084188304,
    "bootstrap": 0.8704783764711288,
    "TBR": 1.803829708022368,
    "wall_load": 10.870249890412811,
    "capex_billion": 12.793368410530059,
    "R": 5.127695561250308,
    "B0": 5.245867837326295
  },
  "feasible": true,
  "rank": 0,
  "crowding": Infinity
}