{
  "ok": true,
  "design": {
    "R": 7.1189352643400845,
    "a": 1.6527797405277642,
    "kappa": 1.951014888933555,
    "B0": 7.374800013026121,
    "Ip": 22.73120725781915,
    "Ti": 25.661915935395594,
    "Te": 11.72537277809939,
    "H98": 1.1583351404208513,
    "fG": 0.6852048679960385,
    "frac_cap": 0.8372237454889897,
    "reconn_trigger": 0.598903499677899,
    "conf_trigger": 0.712798881868133,
    "lithium_thickness": 0.001569121673823211,
    "lithium_velocity": 1.1663408064077991,
    "liquid_wall_li6_enrich": 0.9448796563587807,
    "blanket_thickness": 1.2282006600311743,
    "l1": "Li4SiO4",
    "l1_li6": 0.3,
    "l1_pack": 0.9101224330344985,
    "l2": "Li",
    "l2_li6": 0.6,
    "l2_pack": 1.0,
    "l3": "Li",
    "l3_li6": 0.9,
    "l3_pack": 1.0,
    "l4": "Li2O",
    "l4_li6": 0.6,
    "l4_pack": 0.6773311760628935,
    "split": [
      0.3814611984413838,
      0.24851725538271252,
      0.29580782843581344,
      0.07421371774009028
    ],
    "li6_frac": 0.8887015392547041,
    "mult_frac": 0.376408948327204,
    "cooling_eff": 0.43798897848814644,
    "coolant_outlet_K": 827.1595550767825,
    "mc_samples": 300000
  },
  "result": {
    "score": 490580.61870080594,
    "net_electric": 1168.383173148667,
    "tct_control_strength": 1.0,
    "tct_precursor": 0.4000083209281973,
    "tct_upstream_factor": 1.0,
    "tct_risk_R": 1.0,
    "tct_risk_H": 1.3868213662132407e-05,
    "tct_n_used": 1.0,
    "tct_B_used": 7.374800013026121,
    "tct_Te_used": 11.72537277809939,
    "TBR": 1.7961950458650315,
    "fail_rate": 0.0,
    "wall_load": 7.103990430482508,
    "raw_wall_load": 8.011633162895576,
    "lithium_wall_modifier": 1.1277651963773014,
    "performance_boost": 1.0153318235652762,
    "bootstrap_boost": 1.01277651963773,
    "wall_temp": 132.7026827988427,
    "bootstrap": 0.8608600416920705,
    "blanket_model": "openmc_dataset",
    "blanket_attenuation": 0.5968747854205985,
    "blanket_front_heating_frac": 0.42,
    "capex_billion": 10.21138765990143,
    "annual_revenue_musd": 598749.640911766,
    "annual_cost_musd": 919.0248893911287
  },
  "score": 490757.31964495237,
  "objectives": {
    "net_electric": 1168.383173148667,
    "bootstrap": 0.8608600416920705,
    "TBR": 1.7961950458650315,
    "wall_load": 7.103990430482508,
    "capex_billion": 10.21138765990143,
    "R": 7.1189352643400845,
    "B0": 7.374800013026121
  },
  "feasible": true,
  "rank": 0,
  "crowding": 0.8872089306073894
}