{
  "ok": true,
  "design": {
    "R": 7.703477926469725,
    "a": 2.7994340782692735,
    "kappa": 2.048082416107257,
    "B0": 7.775324260282122,
    "Ip": 17.622458172760282,
    "Ti": 32.44493678934661,
    "Te": 13.49407935995455,
    "H98": 1.1309100511755026,
    "fG": 0.8297577245864638,
    "frac_cap": 0.621413034598525,
    "reconn_trigger": 0.6717773781594442,
    "conf_trigger": 0.6456215381263575,
    "lithium_thickness": 0.0010432017713763245,
    "lithium_velocity": 3.5058155257742185,
    "liquid_wall_li6_enrich": 0.7002019742259645,
    "blanket_thickness": 1.1241556402771127,
    "l1": "Li",
    "l1_li6": 0.3,
    "l1_pack": 1.0,
    "l2": "W_Ti_B4C_60_30_10_wt",
    "l2_li6": 0.0,
    "l2_pack": 1.0,
    "l3": "W_Ti_B4C_Cr_55_25_10_10_wt",
    "l3_li6": 0.0,
    "l3_pack": 1.0,
    "l4": "W_Ti_B4C_Cr_55_25_10_10_wt",
    "l4_li6": 0.0,
    "l4_pack": 1.0,
    "split": [
      0.2934380449303286,
      0.11484164730202964,
      0.401682051384194,
      0.19003825638344773
    ],
    "li6_frac": 0.9463304484203543,
    "mult_frac": 0.15193504249489215,
    "cooling_eff": 0.4507123460939745,
    "coolant_outlet_K": 1031.990035551624,
    "mc_samples": 300000
  },
  "result": {
    "score": -887195.7631084379,
    "net_electric": 540.7197163707664,
    "tct_control_strength": 1.0,
    "tct_precursor": 0.4000087728365198,
    "tct_upstream_factor": 1.0,
    "tct_risk_R": 1.0,
    "tct_risk_H": 1.4621394199638502e-05,
    "tct_n_used": 1.0,
    "tct_B_used": 7.775324260282122,
    "tct_Te_used": 13.49407935995455,
    "TBR": 1.7926543311099548,
    "fail_rate": 0.0,
    "wall_load": 1.897360345918334,
    "raw_wall_load": 2.233419073521603,
    "lithium_wall_modifier": 1.1771190845883388,
    "performance_boost": 1.0212542901506008,
    "bootstrap_boost": 1.025497371934022,
    "wall_temp": 23.563448497633352,
    "bootstrap": 0.1716890531297122,
    "blanket_model": "openmc_dataset",
    "blanket_attenuation": 0.6190110405573891,
    "blanket_front_heating_frac": 0.42,
    "capex_billion": 7.590929195913765,
    "annual_revenue_musd": 277097.22585136286,
    "annual_cost_musd": 683.183627632239
  },
  "score": -887020.0029975254,
  "objectives": {
    "net_electric": 540.7197163707664,
    "bootstrap": 0.1716890531297122,
    "TBR": 1.7926543311099548,
    "wall_load": 1.897360345918334,
    "capex_billion": 7.590929195913765,
    "R": 7.703477926469725,
    "B0": 7.775324260282122
  },
  "feasible": true,
  "rank": 0,
  "crowding": Infinity
}