{
  "ok": true,
  "design": {
    "lithium_thickness": 0.006038120827717786,
    "li6_frac": 0.9317157428923384,
    "l3": "W_Ti_B4C_Cr_55_25_10_10_wt",
    "Ti": 29.95445770172238,
    "kappa": 1.8923660592939817,
    "l4_pack": 0.863345296633894,
    "l2_li6": 0.0,
    "mc_samples": 300000,
    "l3_pack": 0.769592987339903,
    "blanket_thickness": 1.0709439699885166,
    "l2": "SiC",
    "Ip": 27.43679254968888,
    "l1_li6": 0.25545158392054257,
    "split": [
      0.2934380449303286,
      0.11484164730202964,
      0.401682051384194,
      0.19003825638344773
    ],
    "cooling_eff": 0.4508583597692453,
    "Te": 21.926765240524077,
    "a": 1.9421986784827376,
    "R": 7.354160968546506,
    "H98": 1.0633488341668789,
    "l4": "Be",
    "mult_frac": 0.40220923410759135,
    "fG": 0.8166680892499212,
    "B0": 9.19470093293308,
    "l1": "Li",
    "l1_pack": 1.0,
    "l3_li6": -0.05047613404021998,
    "reconn_trigger": 0.5654934716856918,
    "l2_pack": 1.0412486356466353,
    "conf_trigger": 0.7048894697472364,
    "lithium_velocity": 2.6228658847170965,
    "coolant_outlet_K": 1224.879932899616,
    "liquid_wall_li6_enrich": 0.7233782585564881,
    "l4_li6": 0.6049780492625634,
    "frac_cap": 0.7315837767953921
  },
  "result": {
    "score": -4989451.708991164,
    "net_electric": 3482.861809115871,
    "tct_control_strength": 1.0,
    "tct_precursor": 0.4000103743079302,
    "tct_upstream_factor": 1.0,
    "tct_risk_R": 1.0,
    "tct_risk_H": 1.7290513216913786e-05,
    "tct_n_used": 1.0,
    "tct_B_used": 9.19470093293308,
    "tct_Te_used": 21.926765240524077,
    "TBR": 1.7907146648883838,
    "fail_rate": 0.0,
    "wall_load": 11.250546893242703,
    "raw_wall_load": 14.481806835017311,
    "lithium_wall_modifier": 1.287209143914183,
    "performance_boost": 1.034465097269702,
    "bootstrap_boost": 1.0357209997464134,
    "wall_temp": 808.7162085631476,
    "bootstrap": 0.8803628497844513,
    "blanket_model": "openmc_dataset",
    "blanket_attenuation": 0.6306475781269612,
    "blanket_front_heating_frac": 0.42,
    "capex_billion": 18.576086423841232,
    "annual_revenue_musd": 1784827.3626995194,
    "annual_cost_musd": 1671.847778145711
  },
  "score": -4989536.413714722,
  "objectives": {
    "net_electric": 3482.861809115871,
    "bootstrap": 0.8803628497844513,
    "TBR": 1.7907146648883838,
    "wall_load": 11.250546893242703,
    "capex_billion": 18.576086423841232,
    "R": 7.354160968546506,
    "B0": 9.19470093293308
  },
  "feasible": true,
  "rank": 0,
  "crowding": Infinity
}