{
  "ok": true,
  "design": {
    "lithium_thickness": 0.0005,
    "li6_frac": 0.8065085407856817,
    "l3": "Be12Ti",
    "Ti": 32.203631887191044,
    "kappa": 1.8337280417531376,
    "l4_pack": 0.6643120305226173,
    "l2_li6": 0.0,
    "mc_samples": 268254,
    "l3_pack": 0.38833479092293166,
    "blanket_thickness": 0.7189414898977232,
    "l2": "SiC",
    "Ip": 19.79537475179884,
    "l1_li6": 0.22822778161240845,
    "split": [
      0.09257914396922545,
      0.14123717244659353,
      0.032129738603535477,
      0.7340539449806456
    ],
    "cooling_eff": 0.4305279860098961,
    "Te": 18.046532020277365,
    "a": 2.2896903898871437,
    "R": 7.194778725740204,
    "H98": 1.1680275546428645,
    "l4": "Be",
    "mult_frac": 0.34543416044596725,
    "fG": 0.5802229791473661,
    "B0": 9.5,
    "l1": "Li",
    "l1_pack": 0.6086207314912604,
    "l3_li6": 0.48020626948449063,
    "reconn_trigger": 0.582762445479148,
    "l2_pack": 0.8999457014584392,
    "conf_trigger": 0.32281956982849813,
    "lithium_velocity": 2.830084383850654,
    "coolant_outlet_K": 1292.5873488943162,
    "liquid_wall_li6_enrich": 0.9271536455388919,
    "l4_li6": 1.3037974685074705,
    "frac_cap": 0.7981835525487836
  },
  "result": {
    "score": 412737.9588089015,
    "net_electric": 832.6027080289194,
    "tct_control_strength": 1.0,
    "tct_precursor": 0.4000107187744393,
    "tct_upstream_factor": 0.65,
    "tct_risk_R": 1.0,
    "tct_risk_H": 1.7864624065405313e-05,
    "tct_n_used": 1.0,
    "tct_B_used": 9.5,
    "tct_Te_used": 18.046532020277365,
    "TBR": 1.7747740677085366,
    "fail_rate": 0.0,
    "wall_load": 3.158316650045383,
    "raw_wall_load": 3.6084093979972747,
    "lithium_wall_modifier": 1.1425103299713233,
    "performance_boost": 1.0171012395965588,
    "bootstrap_boost": 1.0142510329971324,
    "wall_temp": 18.799503869317753,
    "bootstrap": 0.2643710969062897,
    "blanket_model": "openmc_dataset",
    "blanket_attenuation": 0.7133327925762921,
    "blanket_front_heating_frac": 0.42,
    "capex_billion": 9.599981130919566,
    "annual_revenue_musd": 426675.58375650004,
    "annual_cost_musd": 863.998301782761
  },
  "score": 412907.974030173,
  "objectives": {
    "net_electric": 832.6027080289194,
    "bootstrap": 0.2643710969062897,
    "TBR": 1.7747740677085366,
    "wall_load": 3.158316650045383,
    "capex_billion": 9.599981130919566,
    "R": 7.194778725740204,
    "B0": 9.5
  },
  "feasible": true,
  "rank": 0,
  "crowding": Infinity
}