{
  "ok": true,
  "design": {
    "lithium_thickness": 0.0009690158007434778,
    "li6_frac": 0.2987192135690664,
    "l3": "Be",
    "Ti": 34.55345280935466,
    "kappa": 2.092674044327138,
    "l4_pack": 0.956211383984941,
    "l2_li6": 0.49782624524102903,
    "mc_samples": 300000,
    "l3_pack": 0.881693717980147,
    "blanket_thickness": 1.5003360141542834,
    "l2": "Li4SiO4",
    "Ip": 21.348278736608243,
    "l1_li6": 0.1393883548050491,
    "split": [
      0.4486723050036747,
      0.06070042916024055,
      0.16877243662147615,
      0.32185482921460873
    ],
    "cooling_eff": 0.37606166190303153,
    "Te": 14.829713545835908,
    "a": 1.7691722176212972,
    "R": 8.141645384259734,
    "H98": 1.3456142784474734,
    "l4": "W",
    "mult_frac": 0.587781190635142,
    "fG": 0.8084413860063546,
    "B0": 8.643200730830678,
    "l1": "Li4SiO4",
    "l1_pack": 0.9268229633454852,
    "l3_li6": 0.12526318682664983,
    "reconn_trigger": 1.2075015019472986,
    "l2_pack": 0.8797687684224129,
    "conf_trigger": 0.924935338696111,
    "lithium_velocity": 6.0,
    "coolant_outlet_K": 978.4653478056267,
    "liquid_wall_li6_enrich": 1.3848121965313172,
    "l4_li6": 0.0,
    "frac_cap": 0.5627554568834439
  },
  "result": {
    "score": -4478390.547590627,
    "net_electric": 3003.682226897435,
    "tct_control_strength": 0.0,
    "tct_precursor": 0.4000097520546386,
    "tct_upstream_factor": 1.0,
    "tct_risk_R": 1.0,
    "tct_risk_H": 1.625342439769753e-05,
    "tct_n_used": 1.0,
    "tct_B_used": 8.643200730830678,
    "tct_Te_used": 14.829713545835908,
    "TBR": 1.8042005898115636,
    "fail_rate": 0.0,
    "wall_load": 10.977767267573409,
    "raw_wall_load": 13.340455611716354,
    "lithium_wall_modifier": 1.2152248527915102,
    "performance_boost": 1.0258269823349813,
    "bootstrap_boost": 1.0280289684395325,
    "wall_temp": 126.63845165670462,
    "bootstrap": 0.8738246231736027,
    "blanket_model": "openmc_dataset",
    "blanket_attenuation": 0.5426475216661645,
    "blanket_front_heating_frac": 0.42,
    "capex_billion": 16.989011596545687,
    "annual_revenue_musd": 1539266.9939958593,
    "annual_cost_musd": 1529.0110436891118
  },
  "score": -4478448.473289607,
  "objectives": {
    "net_electric": 3003.682226897435,
    "bootstrap": 0.8738246231736027,
    "TBR": 1.8042005898115636,
    "wall_load": 10.977767267573409,
    "capex_billion": 16.989011596545687,
    "R": 8.141645384259734,
    "B0": 8.643200730830678
  },
  "feasible": true,
  "rank": 0,
  "crowding": Infinity
}