{
  "ok": true,
  "design": {
    "R": 6.122779501638375,
    "a": 2.6482734643239256,
    "kappa": 2.352885058920058,
    "B0": 5.921074596037855,
    "Ip": 18.729634156656314,
    "Ti": 34.67585814238058,
    "Te": 19.596621943772313,
    "H98": 1.205562251486161,
    "fG": 0.7698094287038852,
    "frac_cap": 0.5270133286231794,
    "reconn_trigger": 0.6868558381057805,
    "conf_trigger": 0.5854621554863185,
    "lithium_thickness": 0.0012750334746555242,
    "lithium_velocity": 3.082745733857819,
    "liquid_wall_li6_enrich": 0.9290601139922849,
    "blanket_thickness": 0.6691658486170983,
    "l1": "TiB2",
    "l1_li6": 0.0,
    "l1_pack": 0.8025231853839925,
    "l2": "TiB2",
    "l2_li6": 0.0,
    "l2_pack": 0.9673034369721686,
    "l3": "PbLi",
    "l3_li6": 0.6,
    "l3_pack": 1.0,
    "l4": "Be12Ti",
    "l4_li6": 0.0,
    "l4_pack": 0.7730210684119292,
    "split": [
      0.41536200210409624,
      0.19720236915373693,
      0.29121078763354363,
      0.09622484110862317
    ],
    "li6_frac": 0.6374160389165093,
    "mult_frac": 0.1830115451797421,
    "cooling_eff": 0.4716122676765655,
    "coolant_outlet_K": 910.523103046245,
    "mc_samples": 300000
  },
  "result": {
    "score": -787632.1813602275,
    "net_electric": 592.0019396830734,
    "tct_control_strength": 1.0,
    "tct_precursor": 0.4000066807013719,
    "tct_upstream_factor": 1.0,
    "tct_risk_R": 1.0,
    "tct_risk_H": 1.1134502286467148e-05,
    "tct_n_used": 1.0,
    "tct_B_used": 5.921074596037855,
    "tct_Te_used": 19.596621943772313,
    "TBR": 1.771904153664798,
    "fail_rate": 0.0,
    "wall_load": 2.360610668116772,
    "raw_wall_load": 2.7765232748709865,
    "lithium_wall_modifier": 1.1761885652605382,
    "performance_boost": 1.0211426278312645,
    "bootstrap_boost": 1.021807422248287,
    "wall_temp": 35.831638362831264,
    "bootstrap": 0.16528047519581796,
    "blanket_model": "openmc_dataset",
    "blanket_attenuation": 0.7258689839968016,
    "blanket_front_heating_frac": 0.42,
    "capex_billion": 7.192737798910172,
    "annual_revenue_musd": 303377.3140099878,
    "annual_cost_musd": 647.3464019019156
  },
  "score": -787463.0542512288,
  "objectives": {
    "net_electric": 592.0019396830734,
    "bootstrap": 0.16528047519581796,
    "TBR": 1.771904153664798,
    "wall_load": 2.360610668116772,
    "capex_billion": 7.192737798910172,
    "R": 6.122779501638375,
    "B0": 5.921074596037855
  },
  "feasible": true,
  "rank": 0,
  "crowding": Infinity
}