{
  "ok": true,
  "design": {
    "R": 5.8219201040797826,
    "a": 2.7060929722956555,
    "kappa": 2.2435507171722477,
    "B0": 5.003816172425798,
    "Ip": 24.024904912966406,
    "Ti": 37.21437494645069,
    "Te": 19.706931047845544,
    "H98": 1.3944133690470353,
    "fG": 0.6632279752418907,
    "frac_cap": 0.7788738743586316,
    "reconn_trigger": 0.5508360488443863,
    "conf_trigger": 0.5693316215344215,
    "lithium_thickness": 0.0009702334567780003,
    "lithium_velocity": 5.2617268603120335,
    "liquid_wall_li6_enrich": 0.9406088940710255,
    "blanket_thickness": 0.8756211961112368,
    "l1": "Pb",
    "l1_li6": 0.0,
    "l1_pack": 1.0,
    "l2": "Pb",
    "l2_li6": 0.0,
    "l2_pack": 1.0,
    "l3": "Li2TiO3",
    "l3_li6": 0.9,
    "l3_pack": 0.6249795755450518,
    "l4": "Li2TiO3",
    "l4_li6": 0.9,
    "l4_pack": 0.9474133493078472,
    "split": [
      0.16529122315731493,
      0.08753109331272371,
      0.4708955966042683,
      0.2762820869256932
    ],
    "li6_frac": 0.6933478295503961,
    "mult_frac": 0.44439006851597024,
    "cooling_eff": 0.4266861571307915,
    "coolant_outlet_K": 925.419541223275,
    "mc_samples": 300000
  },
  "result": {
    "score": -59034.64441459298,
    "net_electric": 2307.7717588721775,
    "tct_control_strength": 1.0,
    "tct_precursor": 0.4000056457659882,
    "tct_upstream_factor": 1.0,
    "tct_risk_R": 1.0,
    "tct_risk_H": 9.409609980292865e-06,
    "tct_n_used": 1.0,
    "tct_B_used": 5.003816172425798,
    "tct_Te_used": 19.706931047845544,
    "TBR": 1.7826601930936057,
    "fail_rate": 0.0,
    "wall_load": 7.294866398776176,
    "raw_wall_load": 8.790012411908945,
    "lithium_wall_modifier": 1.2049586560466141,
    "performance_boost": 1.0245950387255938,
    "bootstrap_boost": 1.0204958656046614,
    "wall_temp": 84.25861241450347,
    "bootstrap": 0.3639692503507043,
    "blanket_model": "openmc_dataset",
    "blanket_attenuation": 0.6752683477569867,
    "blanket_front_heating_frac": 0.42,
    "capex_billion": 13.571031321560199,
    "annual_revenue_musd": 1182640.715551636,
    "annual_cost_musd": 1221.3928189404178
  },
  "score": -58862.13867954567,
  "objectives": {
    "net_electric": 2307.7717588721775,
    "bootstrap": 0.3639692503507043,
    "TBR": 1.7826601930936057,
    "wall_load": 7.294866398776176,
    "capex_billion": 13.571031321560199,
    "R": 5.8219201040797826,
    "B0": 5.003816172425798
  },
  "feasible": true,
  "rank": 0,
  "crowding": 1.0059898647777186
}