{
  "ok": true,
  "design": {
    "R": 8.449582333920347,
    "a": 2.8,
    "kappa": 1.7920601724792793,
    "B0": 9.5,
    "Ip": 16.65253563259534,
    "Ti": 35.78319415929368,
    "Te": 11.715118400043188,
    "H98": 1.325168456852281,
    "fG": 0.8462613246320249,
    "frac_cap": 0.8336041300206548,
    "reconn_trigger": 0.562697037922504,
    "conf_trigger": 0.7531378141482685,
    "lithium_thickness": 0.0008867690918671999,
    "lithium_velocity": 6.0,
    "liquid_wall_li6_enrich": 0.638512519243611,
    "blanket_thickness": 1.4677276198639186,
    "l1": "TiB2",
    "l1_li6": 0.0,
    "l1_pack": 0.9981454686582629,
    "l2": "Li4SiO4",
    "l2_li6": 0.6,
    "l2_pack": 0.6710954318018777,
    "l3": "W",
    "l3_li6": 0.0,
    "l3_pack": 1.0,
    "l4": "Be12Ti",
    "l4_li6": 0.0,
    "l4_pack": 0.6213962244050266,
    "split": [
      0.30932562373614053,
      0.12673722055787176,
      0.26947535630141667,
      0.294461799404571
    ],
    "li6_frac": 0.38250207236879663,
    "mult_frac": 0.15647429423117204,
    "cooling_eff": 0.4753731417170567,
    "coolant_outlet_K": 765.4639841661586,
    "mc_samples": 300000
  },
  "result": {
    "score": -76860.76598638816,
    "net_electric": 1950.5941306243271,
    "tct_control_strength": 1.0,
    "tct_precursor": 0.4000107187744393,
    "tct_upstream_factor": 1.0,
    "tct_risk_R": 1.0,
    "tct_risk_H": 1.7864624065405313e-05,
    "tct_n_used": 1.0,
    "tct_B_used": 9.5,
    "tct_Te_used": 11.715118400043188,
    "TBR": 1.8033216419271245,
    "fail_rate": 0.0,
    "wall_load": 4.003782782294277,
    "raw_wall_load": 4.853706483581247,
    "lithium_wall_modifier": 1.2122801729018728,
    "performance_boost": 1.0254736207482247,
    "bootstrap_boost": 1.0300036967681088,
    "wall_temp": 42.26703359391222,
    "bootstrap": 0.24422039227070072,
    "blanket_model": "openmc_dataset",
    "blanket_attenuation": 0.5488762003397998,
    "blanket_front_heating_frac": 0.42,
    "capex_billion": 13.973554673856324,
    "annual_revenue_musd": 999601.4681797427,
    "annual_cost_musd": 1257.6199206470692
  },
  "score": -76681.50578842845,
  "objectives": {
    "net_electric": 1950.5941306243271,
    "bootstrap": 0.24422039227070072,
    "TBR": 1.8033216419271245,
    "wall_load": 4.003782782294277,
    "capex_billion": 13.973554673856324,
    "R": 8.449582333920347,
    "B0": 9.5
  },
  "feasible": true,
  "rank": 0,
  "crowding": Infinity
}