{
  "ok": true,
  "design": {
    "lithium_thickness": 0.0005,
    "li6_frac": 0.43153639498171803,
    "l3": "Pb",
    "Ti": 36.16865233973271,
    "kappa": 2.6,
    "l4_pack": 0.9940972382881078,
    "l2_li6": 0.9,
    "mc_samples": 300000,
    "l3_pack": 1.0305276984027976,
    "blanket_thickness": 1.1293749737260854,
    "l2": "Li2O",
    "Ip": 15.817336251500237,
    "l1_li6": 0.5004598342363574,
    "split": [
      0.24732076929279587,
      0.04922088240045713,
      0.30509159007605635,
      0.39836675823069073
    ],
    "cooling_eff": 0.5201702625764097,
    "Te": 21.597231353977122,
    "a": 2.8,
    "R": 5.581136922239242,
    "H98": 1.368021740189497,
    "l4": "W",
    "mult_frac": 0.6140983613713438,
    "fG": 0.6795854861220405,
    "B0": 9.48280674807792,
    "l1": "Li",
    "l1_pack": 1.478888681216169,
    "l3_li6": -0.0692438647028595,
    "reconn_trigger": 0.7041316778225785,
    "l2_pack": 0.8108873230716765,
    "conf_trigger": 1.239932192790117,
    "lithium_velocity": 0.2,
    "coolant_outlet_K": 873.4793827269032,
    "liquid_wall_li6_enrich": 0.5878804178978065,
    "l4_li6": 0.0,
    "frac_cap": 0.7499136069080405
  },
  "result": {
    "score": -640300.4129115749,
    "net_electric": 868.4758338031183,
    "tct_control_strength": 0.552198652133335,
    "tct_precursor": 0.4000106993754299,
    "tct_upstream_factor": 1.0,
    "tct_risk_R": 1.0,
    "tct_risk_H": 1.7832292383084288e-05,
    "tct_n_used": 1.0,
    "tct_B_used": 9.48280674807792,
    "tct_Te_used": 21.597231353977122,
    "TBR": 1.7928396166941303,
    "fail_rate": 0.0,
    "wall_load": 3.3438878622234545,
    "raw_wall_load": 3.46144580748693,
    "lithium_wall_modifier": 1.0351560668620352,
    "performance_boost": 1.0042187280234443,
    "bootstrap_boost": 1.0035156066862034,
    "wall_temp": 19.904094417996752,
    "bootstrap": 0.05017578033431017,
    "blanket_model": "openmc_dataset",
    "blanket_attenuation": 0.6178812840121423,
    "blanket_front_heating_frac": 0.42,
    "capex_billion": 9.661883684195942,
    "annual_revenue_musd": 445059.125790746,
    "annual_cost_musd": 869.5695315776347
  },
  "score": -640123.4573223714,
  "objectives": {
    "net_electric": 868.4758338031183,
    "bootstrap": 0.05017578033431017,
    "TBR": 1.7928396166941303,
    "wall_load": 3.3438878622234545,
    "capex_billion": 9.661883684195942,
    "R": 5.581136922239242,
    "B0": 9.48280674807792
  },
  "feasible": true,
  "rank": 0,
  "crowding": Infinity
}