{
  "ok": true,
  "design": {
    "lithium_thickness": 0.004866096836429131,
    "li6_frac": 0.6507733815978041,
    "l3": "Li2O",
    "Ti": 28.972113631229906,
    "l4_pack": 1.0014390064545504,
    "l2_li6": 0.6800343105479212,
    "mc_samples": 131397,
    "l3_pack": 1.469329979094283,
    "blanket_thickness": 0.7785347992397375,
    "l2": "Li2TiO3",
    "Ip": 19.558535388174352,
    "l1_li6": 0.3438389473109478,
    "split": [
      0.24732076929279587,
      0.04922088240045713,
      0.30509159007605635,
      0.39836675823069073
    ],
    "cooling_eff": 0.4465148314498647,
    "Te": 20.99208978512887,
    "a": 1.5727293650121672,
    "R": 4.480409449497815,
    "H98": 1.2545786576998792,
    "liquid_wall_li6_enrich": 0.08279788048258468,
    "l4": "W",
    "mult_frac": 0.20469415215551837,
    "fG": 0.9263552562275048,
    "B0": 9.5,
    "l1": "Li",
    "l1_pack": 2.0165157882162634,
    "l3_li6": 0.5255888417947214,
    "reconn_trigger": 0.5638651305377144,
    "l2_pack": 1.005959179526013,
    "conf_trigger": 0.42696790471162854,
    "lithium_velocity": 3.001447051406898,
    "coolant_outlet_K": 1086.9607140399903,
    "kappa": 2.3572030030149214,
    "l4_li6": 0.24381831171325496,
    "frac_cap": 0.47249753358594776
  },
  "result": {
    "score": 423783.1228221859,
    "net_electric": 826.4776760101724,
    "tct_control_strength": 1.0,
    "tct_precursor": 0.4000107187744393,
    "tct_upstream_factor": 1.0,
    "tct_risk_R": 1.0,
    "tct_risk_H": 1.7864624065405313e-05,
    "tct_n_used": 1.0,
    "tct_B_used": 9.5,
    "tct_Te_used": 20.99208978512887,
    "TBR": 1.7779594083535963,
    "fail_rate": 0.0,
    "wall_load": 6.324082866805069,
    "raw_wall_load": 8.067639720659164,
    "lithium_wall_modifier": 1.2757011396871434,
    "performance_boost": 1.0330841367624573,
    "bootstrap_boost": 1.0411514293423647,
    "wall_temp": 366.3523765651883,
    "bootstrap": 0.2642875926920205,
    "blanket_model": "openmc_dataset",
    "blanket_attenuation": 0.6986084325961165,
    "blanket_front_heating_frac": 0.42,
    "capex_billion": 9.427228928435081,
    "annual_revenue_musd": 423536.7498481729,
    "annual_cost_musd": 848.4506035591573
  },
  "score": 423954.2198896842,
  "objectives": {
    "net_electric": 826.4776760101724,
    "bootstrap": 0.2642875926920205,
    "TBR": 1.7779594083535963,
    "wall_load": 6.324082866805069,
    "capex_billion": 9.427228928435081,
    "R": 4.480409449497815,
    "B0": 9.5
  },
  "feasible": true,
  "rank": 0,
  "crowding": Infinity
}