{
  "ok": true,
  "design": {
    "R": 6.222724248663216,
    "a": 2.8,
    "kappa": 2.1162781862216242,
    "B0": 5.149817749099643,
    "Ip": 23.03199022658589,
    "Ti": 37.69817566661601,
    "Te": 19.473095580958812,
    "H98": 1.3710819699779764,
    "fG": 0.7969034978745755,
    "frac_cap": 0.6871545914368139,
    "reconn_trigger": 0.7495622132302842,
    "conf_trigger": 0.7251533749169277,
    "lithium_thickness": 0.002631191283347846,
    "lithium_velocity": 4.598071117158176,
    "liquid_wall_li6_enrich": 0.790547551934133,
    "blanket_thickness": 0.9252546965721706,
    "l1": "W",
    "l1_li6": 0.0,
    "l1_pack": 1.0,
    "l2": "Pb",
    "l2_li6": 0.0,
    "l2_pack": 1.0,
    "l3": "TiB2",
    "l3_li6": 0.0,
    "l3_pack": 0.972271939236698,
    "l4": "B4C",
    "l4_li6": 0.0,
    "l4_pack": 0.6009178660828439,
    "split": [
      0.3074955258335013,
      0.4392558924056497,
      0.08128656771513981,
      0.1719620140457091
    ],
    "li6_frac": 0.9191585553260635,
    "mult_frac": 0.37190235442037045,
    "cooling_eff": 0.3687796755705325,
    "coolant_outlet_K": 960.3542847549598,
    "mc_samples": 300000
  },
  "result": {
    "score": -15553.319536191579,
    "net_electric": 2069.2730966205963,
    "tct_control_strength": 1.0,
    "tct_precursor": 0.4000058104984059,
    "tct_upstream_factor": 1.0,
    "tct_risk_R": 1.0,
    "tct_risk_H": 9.684164009791253e-06,
    "tct_n_used": 1.0,
    "tct_B_used": 5.149817749099643,
    "tct_Te_used": 19.473095580958812,
    "TBR": 1.7848656075305613,
    "fail_rate": 0.0,
    "wall_load": 6.510467914373895,
    "raw_wall_load": 8.138481163891372,
    "lithium_wall_modifier": 1.2500608667348054,
    "performance_boost": 1.0300073040081767,
    "bootstrap_boost": 1.030820296545955,
    "wall_temp": 203.9319812716241,
    "bootstrap": 0.3922210076335105,
    "blanket_model": "openmc_dataset",
    "blanket_attenuation": 0.663639074332791,
    "blanket_front_heating_frac": 0.42,
    "capex_billion": 12.833619426301706,
    "annual_revenue_musd": 1060419.6910941908,
    "annual_cost_musd": 1155.0257483671535
  },
  "score": -15380.049679590113,
  "objectives": {
    "net_electric": 2069.2730966205963,
    "bootstrap": 0.3922210076335105,
    "TBR": 1.7848656075305613,
    "wall_load": 6.510467914373895,
    "capex_billion": 12.833619426301706,
    "R": 6.222724248663216,
    "B0": 5.149817749099643
  },
  "feasible": true,
  "rank": 0,
  "crowding": Infinity
}