{
  "ok": true,
  "design": {
    "lithium_thickness": 0.0005,
    "li6_frac": 0.39973856237297056,
    "l3": "Li2TiO3",
    "Ti": 37.87685343392307,
    "l4_pack": 0.7227558927424098,
    "kappa": 2.6,
    "l2_li6": 1.0140453965589378,
    "mc_samples": 240639,
    "l3_pack": 1.5144717818440228,
    "blanket_thickness": 1.351991545230926,
    "l2": "Li4SiO4",
    "Ip": 23.240717743632445,
    "l1_li6": 0.4809109501071339,
    "split": [
      0.41536200210409624,
      0.19720236915373693,
      0.29121078763354363,
      0.09622484110862317
    ],
    "cooling_eff": 0.6350561837426619,
    "Te": 16.56879241351151,
    "a": 2.603881278654092,
    "R": 7.612695213553222,
    "H98": 1.0940655013383194,
    "l4": "Li4SiO4",
    "mult_frac": 0.4930850243752035,
    "fG": 0.8926247733602567,
    "B0": 4.418805415741161,
    "l1": "Li2TiO3",
    "l1_pack": 1.2491765686968879,
    "l3_li6": -0.19117641317553924,
    "reconn_trigger": 1.1849651965848707,
    "l2_pack": 0.9259997183432342,
    "conf_trigger": 0.567330183559895,
    "lithium_velocity": 4.472032738625897,
    "coolant_outlet_K": 772.8537081317563,
    "liquid_wall_li6_enrich": 1.2662858749131378,
    "l4_li6": 0.6565282791977264,
    "frac_cap": 0.5054862466050905
  },
  "result": {
    "score": 526439.549002865,
    "net_electric": 3559.5135854644577,
    "tct_control_strength": 0.0,
    "tct_precursor": 0.40000498570300447,
    "tct_upstream_factor": 1.0,
    "tct_risk_R": 1.0,
    "tct_risk_H": 8.309505007409777e-06,
    "tct_n_used": 1.0,
    "tct_B_used": 4.418805415741161,
    "tct_Te_used": 16.56879241351151,
    "TBR": 1.8000361804933918,
    "fail_rate": 0.0,
    "wall_load": 7.450313872281169,
    "raw_wall_load": 8.757929969881845,
    "lithium_wall_modifier": 1.1755115448847935,
    "performance_boost": 1.0210613853861752,
    "bootstrap_boost": 1.029108640890095,
    "wall_temp": 44.34710638262601,
    "bootstrap": 0.6276918629173447,
    "blanket_model": "openmc_dataset",
    "blanket_attenuation": 0.5715663313820801,
    "blanket_front_heating_frac": 0.42,
    "capex_billion": 17.366917237910506,
    "annual_revenue_musd": 1824108.332007116,
    "annual_cost_musd": 1563.0225514119456
  },
  "score": 526618.3668537776,
  "objectives": {
    "net_electric": 3559.5135854644577,
    "bootstrap": 0.6276918629173447,
    "TBR": 1.8000361804933918,
    "wall_load": 7.450313872281169,
    "capex_billion": 17.366917237910506,
    "R": 7.612695213553222,
    "B0": 4.418805415741161
  },
  "feasible": true,
  "rank": 0,
  "crowding": 1.0873479665570465
}