{
  "ok": true,
  "design": {
    "R": 6.796853905535137,
    "a": 2.395386531393708,
    "kappa": 2.345965431546115,
    "B0": 6.421823115230853,
    "Ip": 17.1977412861551,
    "Ti": 31.20632305384705,
    "Te": 23.30239836316541,
    "H98": 1.3985131454810213,
    "fG": 0.9395245026730682,
    "frac_cap": 0.6828465026064445,
    "reconn_trigger": 0.7947245720983743,
    "conf_trigger": 0.5934376872745806,
    "lithium_thickness": 0.0022005737494694227,
    "lithium_velocity": 2.905454180255396,
    "liquid_wall_li6_enrich": 0.7997669642558715,
    "blanket_thickness": 0.8622512429166155,
    "l1": "B4C",
    "l1_li6": 0.0,
    "l1_pack": 0.958208263526979,
    "l2": "PbLi",
    "l2_li6": 0.3,
    "l2_pack": 1.0,
    "l3": "Li2O",
    "l3_li6": 0.3,
    "l3_pack": 0.8083112579417594,
    "l4": "Li4SiO4",
    "l4_li6": 0.6,
    "l4_pack": 0.9095154367371521,
    "split": [
      0.39437045408413374,
      0.04283259640296131,
      0.3398339581079847,
      0.2229629914049204
    ],
    "li6_frac": 0.3877861330361554,
    "mult_frac": 0.372901728698784,
    "cooling_eff": 0.35017056585679585,
    "coolant_outlet_K": 831.2805480109419,
    "mc_samples": 300000
  },
  "result": {
    "score": 466596.83370078215,
    "net_electric": 909.5404538776079,
    "tct_control_strength": 1.0,
    "tct_precursor": 0.4000072456919433,
    "tct_upstream_factor": 1.0,
    "tct_risk_R": 1.0,
    "tct_risk_H": 1.2076153238750445e-05,
    "tct_n_used": 1.0,
    "tct_B_used": 6.421823115230853,
    "tct_Te_used": 23.30239836316541,
    "TBR": 1.782044719221861,
    "fail_rate": 0.0,
    "wall_load": 4.26585231769603,
    "raw_wall_load": 5.132999194007235,
    "lithium_wall_modifier": 1.2032763470770005,
    "performance_boost": 1.02439316164924,
    "bootstrap_boost": 1.0346991048680843,
    "wall_temp": 111.75384082660929,
    "bootstrap": 0.3440077282088376,
    "blanket_model": "openmc_dataset",
    "blanket_attenuation": 0.6784356598409538,
    "blanket_front_heating_frac": 0.42,
    "capex_billion": 8.825139208179067,
    "annual_revenue_musd": 466103.1009941189,
    "annual_cost_musd": 794.2625287361161
  },
  "score": 466769.2780019679,
  "objectives": {
    "net_electric": 909.5404538776079,
    "bootstrap": 0.3440077282088376,
    "TBR": 1.782044719221861,
    "wall_load": 4.26585231769603,
    "capex_billion": 8.825139208179067,
    "R": 6.796853905535137,
    "B0": 6.421823115230853
  },
  "feasible": true,
  "rank": 0,
  "crowding": 0.9560010828104628
}