{
  "ok": true,
  "design": {
    "lithium_thickness": 0.018833543294302618,
    "li6_frac": 0.502068000907357,
    "l3": "TiB2",
    "Ti": 32.71062241679999,
    "l4_pack": 0.7760527419320264,
    "kappa": 1.528929830944688,
    "l2_li6": 0.6667765680798142,
    "mc_samples": 299629,
    "l3_pack": 1.0145353634289807,
    "blanket_thickness": 1.2069278447796408,
    "l2": "Li2O",
    "Ip": 22.808557400802744,
    "l1_li6": 0.7645390737269764,
    "split": [
      0.2934380449303286,
      0.11484164730202964,
      0.401682051384194,
      0.19003825638344773
    ],
    "cooling_eff": 0.4808247666455202,
    "Te": 17.86669848089221,
    "a": 2.6058244984399592,
    "R": 9.897333991863153,
    "H98": 1.3291139887953576,
    "l4": "W",
    "mult_frac": 1.0849440490181128,
    "fG": 0.860092720129504,
    "B0": 4.0,
    "l1": "Li",
    "l1_pack": 1.2234058676936008,
    "l3_li6": 0.03792230745719201,
    "reconn_trigger": 0.7358144979578891,
    "l2_pack": 0.9048585702417792,
    "conf_trigger": 0.6829203928745561,
    "lithium_velocity": 4.260878270928125,
    "coolant_outlet_K": 890.3087622849353,
    "liquid_wall_li6_enrich": 0.5620588895969153,
    "l4_li6": 0.14577553605636984,
    "frac_cap": 0.38278678990198156
  },
  "result": {
    "score": -938160.7082750762,
    "net_electric": 507.0516845706916,
    "tct_control_strength": 1.0,
    "tct_precursor": 0.40000451316818497,
    "tct_upstream_factor": 1.0,
    "tct_risk_R": 1.0,
    "tct_risk_H": 7.5219469749075e-06,
    "tct_n_used": 1.0,
    "tct_B_used": 4.0,
    "tct_Te_used": 17.86669848089221,
    "TBR": 1.7954961645035814,
    "fail_rate": 0.0,
    "wall_load": 1.06328792241894,
    "raw_wall_load": 1.4596347311649327,
    "lithium_wall_modifier": 1.372755864511579,
    "performance_boost": 1.0447307037413895,
    "bootstrap_boost": 1.046881149658928,
    "wall_temp": 238.39856096650223,
    "bootstrap": 0.8898489772100888,
    "blanket_model": "openmc_dataset",
    "blanket_attenuation": 0.6013353929719295,
    "blanket_front_heating_frac": 0.42,
    "capex_billion": 6.564575317782488,
    "annual_revenue_musd": 259843.70627509663,
    "annual_cost_musd": 590.811778600424
  },
  "score": -937983.8371118897,
  "objectives": {
    "net_electric": 507.0516845706916,
    "bootstrap": 0.8898489772100888,
    "TBR": 1.7954961645035814,
    "wall_load": 1.06328792241894,
    "capex_billion": 6.564575317782488,
    "R": 9.897333991863153,
    "B0": 4.0
  },
  "feasible": true,
  "rank": 0,
  "crowding": Infinity
}