{
  "ok": true,
  "design": {
    "lithium_thickness": 0.0015923961866938913,
    "li6_frac": 0.5485370619738428,
    "l3": "Pb",
    "Ti": 31.78685011450103,
    "l4_pack": 0.8259196863579394,
    "kappa": 1.5980592375430769,
    "l2_li6": 0.3667249289495498,
    "mc_samples": 300000,
    "l3_pack": 0.9996007492295123,
    "blanket_thickness": 1.1101601102288847,
    "l2": "Li4SiO4",
    "Ip": 23.031975581109624,
    "l1_li6": 0.4692895167450682,
    "split": [
      0.1293854566695026,
      0.23637500979465198,
      0.19951475276763736,
      0.434724780768208
    ],
    "cooling_eff": 0.7914635245791778,
    "Te": 17.12306770652783,
    "a": 2.346791489157316,
    "R": 4.0,
    "H98": 1.2621640986227636,
    "l4": "Be12Ti",
    "mult_frac": 0.3215638726345073,
    "fG": 0.7327195179806644,
    "B0": 7.8332257878917035,
    "l1": "Pb",
    "l1_pack": 0.7603344014143074,
    "l3_li6": 0.5140840012785524,
    "reconn_trigger": 0.6764917798164982,
    "l2_pack": 0.6146480919664339,
    "conf_trigger": 0.6960191363695981,
    "lithium_velocity": 2.9249857194248587,
    "coolant_outlet_K": 895.225988119481,
    "liquid_wall_li6_enrich": 0.6470882368596365,
    "l4_li6": -0.21649415132548638,
    "frac_cap": 0.616951945261554
  },
  "result": {
    "score": 260394.4604825188,
    "net_electric": 545.3415581046186,
    "tct_control_strength": 1.0,
    "tct_precursor": 0.40000883816635285,
    "tct_upstream_factor": 1.0,
    "tct_risk_R": 1.0,
    "tct_risk_H": 1.4730277254749855e-05,
    "tct_n_used": 1.0,
    "tct_B_used": 7.8332257878917035,
    "tct_Te_used": 17.12306770652783,
    "TBR": 1.7921532134002023,
    "fail_rate": 0.0,
    "wall_load": 3.0175648031615645,
    "raw_wall_load": 3.5714023296591404,
    "lithium_wall_modifier": 1.1835379064327993,
    "performance_boost": 1.022024548771936,
    "bootstrap_boost": 1.02031696172212,
    "wall_temp": 57.20427006733545,
    "bootstrap": 0.15076976917972668,
    "blanket_model": "openmc_dataset",
    "blanket_attenuation": 0.6220506648476908,
    "blanket_front_heating_frac": 0.42,
    "capex_billion": 7.435936407466217,
    "annual_revenue_musd": 279465.73486629286,
    "annual_cost_musd": 669.2342766719596
  },
  "score": 260570.08843246594,
  "objectives": {
    "net_electric": 545.3415581046186,
    "bootstrap": 0.15076976917972668,
    "TBR": 1.7921532134002023,
    "wall_load": 3.0175648031615645,
    "capex_billion": 7.435936407466217,
    "R": 4.0,
    "B0": 7.8332257878917035
  },
  "feasible": true,
  "rank": 0,
  "crowding": 0.7323401941848162
}