{
  "ok": true,
  "design": {
    "lithium_thickness": 0.03,
    "li6_frac": -0.040156662757270645,
    "l3": "Li2TiO3",
    "Ti": 36.629626926444686,
    "l4_pack": 0.698340176989962,
    "kappa": 2.1185967248872775,
    "l2_li6": 0.5030273505921028,
    "mc_samples": 288680,
    "l3_pack": 0.9751818095960043,
    "blanket_thickness": 1.6,
    "l2": "Li2TiO3",
    "Ip": 30.0,
    "l1_li6": -0.2915073565482955,
    "split": [
      0.47335371888926736,
      0.06774365848538863,
      0.19425723762150304,
      0.264645385003841
    ],
    "cooling_eff": 0.16162157729319326,
    "Te": 18.397096801168612,
    "a": 2.8,
    "R": 12.0,
    "H98": 1.0905796470591032,
    "l4": "W",
    "mult_frac": 0.518477537494386,
    "fG": 0.9541344516445207,
    "B0": 6.265656557209242,
    "l1": "W",
    "l1_pack": 1.3871389754545596,
    "l3_li6": 0.49672955211491887,
    "reconn_trigger": 0.6847302161430081,
    "l2_pack": 1.2267620678960662,
    "conf_trigger": 1.3286940477351423,
    "lithium_velocity": 4.843314408695321,
    "coolant_outlet_K": 675.6973855863263,
    "liquid_wall_li6_enrich": 0.9093322262341283,
    "l4_li6": -0.09375134742639012,
    "frac_cap": 0.5175771871325854
  },
  "result": {
    "score": 424883.2967227826,
    "net_electric": 3261.8511320990983,
    "tct_control_strength": 0.4895768494909409,
    "tct_precursor": 0.40000706949045794,
    "tct_upstream_factor": 1.0,
    "tct_risk_R": 1.0,
    "tct_risk_H": 1.1782484096577352e-05,
    "tct_n_used": 1.0,
    "tct_B_used": 6.265656557209242,
    "tct_Te_used": 18.397096801168612,
    "TBR": 1.8067731682077173,
    "fail_rate": 0.0,
    "wall_load": 7.245870477623692,
    "raw_wall_load": 10.02301778797842,
    "lithium_wall_modifier": 1.3832731096879203,
    "performance_boost": 1.0459927731625505,
    "bootstrap_boost": 1.0535753780674633,
    "wall_temp": 2587.810884865604,
    "bootstrap": 0.8955390713573438,
    "blanket_model": "openmc_dataset",
    "blanket_attenuation": 0.5240450127053347,
    "blanket_front_heating_frac": 0.42,
    "capex_billion": 17.214998440992375,
    "annual_revenue_musd": 1671568.231155504,
    "annual_cost_musd": 1549.3498596893137
  },
  "score": 425065.1251244498,
  "objectives": {
    "net_electric": 3261.8511320990983,
    "bootstrap": 0.8955390713573438,
    "TBR": 1.8067731682077173,
    "wall_load": 7.245870477623692,
    "capex_billion": 17.214998440992375,
    "R": 12.0,
    "B0": 6.265656557209242
  },
  "feasible": true,
  "rank": 0,
  "crowding": Infinity
}