{
  "ok": true,
  "design": {
    "lithium_thickness": 0.03,
    "li6_frac": 0.44816838758018046,
    "l3": "TiB2",
    "Ti": 35.577215710175906,
    "kappa": 2.6,
    "l4_pack": 1.9420813871126303,
    "l2_li6": 0.976745960650188,
    "mc_samples": 300000,
    "l3_pack": 0.8509550356449997,
    "blanket_thickness": 1.0931290095327482,
    "l2": "Li2TiO3",
    "Ip": 15.973619286269706,
    "l1_li6": 0.41642822315183803,
    "split": [
      0.18743914256045596,
      0.39645604380752514,
      0.09810744077045863,
      0.3179973728615603
    ],
    "cooling_eff": 0.5199628378138521,
    "Te": 17.261278498527272,
    "a": 2.2464732771080316,
    "R": 5.117742449851538,
    "H98": 1.1263672885892513,
    "l4": "W",
    "mult_frac": 0.24502613082819397,
    "fG": 0.8583003712883699,
    "B0": 8.106226309355264,
    "l1": "Li",
    "l1_pack": 0.6211401208155389,
    "l3_li6": -0.18175419006068216,
    "reconn_trigger": 0.5037699665131694,
    "l2_pack": 1.2029124187566507,
    "conf_trigger": 0.8456463289876086,
    "lithium_velocity": 6.0,
    "coolant_outlet_K": 989.3272727294336,
    "liquid_wall_li6_enrich": 0.6054829563244554,
    "l4_li6": 0.017774348248647973,
    "frac_cap": 0.7568725304934121
  },
  "result": {
    "score": 973277.5193130845,
    "net_electric": 2407.5358880934305,
    "tct_control_strength": 1.0,
    "tct_precursor": 0.40000914619066985,
    "tct_upstream_factor": 1.0,
    "tct_risk_R": 1.0,
    "tct_risk_H": 1.5243651116392607e-05,
    "tct_n_used": 1.0,
    "tct_B_used": 8.106226309355264,
    "tct_Te_used": 17.261278498527272,
    "TBR": 1.7915348138944416,
    "fail_rate": 0.0,
    "wall_load": 7.425195886074929,
    "raw_wall_load": 10.395125921755014,
    "lithium_wall_modifier": 1.399980024937771,
    "performance_boost": 1.0479976029925324,
    "bootstrap_boost": 1.0494960247710794,
    "wall_temp": 2651.855673598189,
    "bootstrap": 0.14422271153656732,
    "blanket_model": "openmc_dataset",
    "blanket_attenuation": 0.6257697108677172,
    "blanket_front_heating_frac": 0.42,
    "capex_billion": 14.761736915535902,
    "annual_revenue_musd": 1233765.8412123595,
    "annual_cost_musd": 1328.5563223982313
  },
  "score": 973453.2074265592,
  "objectives": {
    "net_electric": 2407.5358880934305,
    "bootstrap": 0.14422271153656732,
    "TBR": 1.7915348138944416,
    "wall_load": 7.425195886074929,
    "capex_billion": 14.761736915535902,
    "R": 5.117742449851538,
    "B0": 8.106226309355264
  },
  "feasible": true,
  "rank": 0,
  "crowding": 0.5568903433318892
}