{
  "ok": true,
  "design": {
    "lithium_thickness": 0.0008379920428728427,
    "li6_frac": 0.5213306983883496,
    "l3": "TiB2",
    "Ti": 33.71126579782963,
    "kappa": 2.2247985126772725,
    "l4_pack": 0.9886650857085327,
    "l2_li6": 0.7780737630847419,
    "mc_samples": 300000,
    "l3_pack": 1.5317825562858767,
    "blanket_thickness": 0.6171801046883287,
    "l2": "Li2O",
    "Ip": 19.204289154397145,
    "l1_li6": 0.13653131901991372,
    "split": [
      0.24732076929279587,
      0.04922088240045713,
      0.30509159007605635,
      0.39836675823069073
    ],
    "cooling_eff": 0.626641199040197,
    "Te": 23.44997259154258,
    "a": 1.896268215870593,
    "R": 6.113003757606645,
    "H98": 1.1547694928820837,
    "l4": "SiC",
    "mult_frac": 0.5750669711545517,
    "fG": 0.8748850522653916,
    "B0": 9.5,
    "l1": "TiB2",
    "l1_pack": 1.3370303228639058,
    "l3_li6": 0.10798915682149124,
    "reconn_trigger": 0.7389056652331522,
    "l2_pack": 0.9634245909618958,
    "conf_trigger": 1.0301566471220345,
    "lithium_velocity": 3.8761097075563598,
    "coolant_outlet_K": 877.8455416808075,
    "liquid_wall_li6_enrich": 0.6922466767352153,
    "l4_li6": 0.0,
    "frac_cap": 0.6642895186180392
  },
  "result": {
    "score": -6392904.38118929,
    "net_electric": 3319.120870863057,
    "tct_control_strength": 0.8964582130283091,
    "tct_precursor": 0.4000107187744393,
    "tct_upstream_factor": 1.0,
    "tct_risk_R": 1.0,
    "tct_risk_H": 1.7864624065405313e-05,
    "tct_n_used": 1.0,
    "tct_B_used": 9.5,
    "tct_Te_used": 23.44997259154258,
    "TBR": 1.7686693210095683,
    "fail_rate": 0.0,
    "wall_load": 11.692923902276927,
    "raw_wall_load": 13.763541872076859,
    "lithium_wall_modifier": 1.1770829937067089,
    "performance_boost": 1.021249959244805,
    "bootstrap_boost": 1.0282014025065944,
    "wall_temp": 116.6497284288778,
    "bootstrap": 0.38431617821259384,
    "blanket_model": "openmc_dataset",
    "blanket_attenuation": 0.739197062257014,
    "blanket_front_heating_frac": 0.42,
    "capex_billion": 18.156976867256788,
    "annual_revenue_musd": 1700916.6814824822,
    "annual_cost_musd": 1634.127918053111
  },
  "score": -6393030.956773959,
  "objectives": {
    "net_electric": 3319.120870863057,
    "bootstrap": 0.38431617821259384,
    "TBR": 1.7686693210095683,
    "wall_load": 11.692923902276927,
    "capex_billion": 18.156976867256788,
    "R": 6.113003757606645,
    "B0": 9.5
  },
  "feasible": true,
  "rank": 0,
  "crowding": Infinity
}