{
  "ok": true,
  "design": {
    "R": 8.408165225816347,
    "a": 1.5608834934546516,
    "kappa": 1.7902215885723127,
    "B0": 5.71004835139376,
    "Ip": 19.452178081883233,
    "Ti": 29.664120385366267,
    "Te": 16.024218614846333,
    "H98": 1.1176848414160574,
    "fG": 0.8405612501685809,
    "frac_cap": 0.7482045845078847,
    "reconn_trigger": 0.6527833356220176,
    "conf_trigger": 0.7149946262018942,
    "lithium_thickness": 0.002192364949478871,
    "lithium_velocity": 6.0,
    "liquid_wall_li6_enrich": 0.6084339643097927,
    "blanket_thickness": 1.0298499708903424,
    "l1": "Be",
    "l1_li6": 0.0,
    "l1_pack": 0.8016959213846692,
    "l2": "Li2O",
    "l2_li6": 0.6,
    "l2_pack": 0.6270467286140268,
    "l3": "PbLi",
    "l3_li6": 0.9,
    "l3_pack": 1.0,
    "l4": "W_Ti_B4C_60_30_10_wt",
    "l4_li6": 0.0,
    "l4_pack": 1.0,
    "split": [
      0.2792350661607089,
      0.3675817148569534,
      0.18866779650484503,
      0.16451542247749273
    ],
    "li6_frac": 0.24945678367556068,
    "mult_frac": 0.27576519510681125,
    "cooling_eff": 0.405657351825108,
    "coolant_outlet_K": 990.4535493442863,
    "mc_samples": 300000
  },
  "result": {
    "score": -5276853.104570009,
    "net_electric": 2818.0836300555256,
    "tct_control_strength": 1.0,
    "tct_precursor": 0.4000064426021385,
    "tct_upstream_factor": 1.0,
    "tct_risk_R": 1.0,
    "tct_risk_H": 1.0737670230835464e-05,
    "tct_n_used": 1.0,
    "tct_B_used": 5.71004835139376,
    "tct_Te_used": 16.024218614846333,
    "TBR": 1.7891495739607044,
    "fail_rate": 0.0,
    "wall_load": 11.232185236295512,
    "raw_wall_load": 14.118749297457535,
    "lithium_wall_modifier": 1.2569904253211943,
    "performance_boost": 1.0308388510385433,
    "bootstrap_boost": 1.0341327175422343,
    "wall_temp": 293.155347834623,
    "bootstrap": 0.8790128099108991,
    "blanket_model": "openmc_dataset",
    "blanket_attenuation": 0.6397836631804853,
    "blanket_front_heating_frac": 0.42,
    "capex_billion": 15.503571108850005,
    "annual_revenue_musd": 1444155.1370582546,
    "annual_cost_musd": 1395.3213997965004
  },
  "score": -5276936.9058784135,
  "objectives": {
    "net_electric": 2818.0836300555256,
    "bootstrap": 0.8790128099108991,
    "TBR": 1.7891495739607044,
    "wall_load": 11.232185236295512,
    "capex_billion": 15.503571108850005,
    "R": 8.408165225816347,
    "B0": 5.71004835139376
  },
  "feasible": true,
  "rank": 0,
  "crowding": 0.9811725392377453
}