{
  "ok": true,
  "design": {
    "R": 5.949766058456399,
    "a": 1.9552391287713606,
    "kappa": 2.2305956254293684,
    "B0": 7.583914943595355,
    "Ip": 27.859717401190018,
    "Ti": 32.96768224614972,
    "Te": 11.772566828028907,
    "H98": 1.1721911801672094,
    "fG": 0.8639889747044016,
    "frac_cap": 0.5115885219459178,
    "reconn_trigger": 0.6744740444090076,
    "conf_trigger": 0.6462196305650035,
    "lithium_thickness": 0.0014484741986855428,
    "lithium_velocity": 6.0,
    "liquid_wall_li6_enrich": 0.8891596028194293,
    "blanket_thickness": 0.9379319613956728,
    "l1": "W_Ti_B4C_60_30_10_wt",
    "l1_li6": 0.0,
    "l1_pack": 1.0,
    "l2": "TiB2",
    "l2_li6": 0.0,
    "l2_pack": 0.7507800244681218,
    "l3": "Li2TiO3",
    "l3_li6": 0.3,
    "l3_pack": 0.7147902842005616,
    "l4": "Be12Ti",
    "l4_li6": 0.0,
    "l4_pack": 0.6780979755857455,
    "split": [
      0.47335371888926736,
      0.06774365848538863,
      0.19425723762150304,
      0.264645385003841
    ],
    "li6_frac": 0.16078182051480938,
    "mult_frac": 0.09697293695955247,
    "cooling_eff": 0.4756485342158008,
    "coolant_outlet_K": 1034.1433855378812,
    "mc_samples": 300000
  },
  "result": {
    "score": -5497080.434033853,
    "net_electric": 3100.394190574868,
    "tct_control_strength": 1.0,
    "tct_precursor": 0.4000085568709102,
    "tct_upstream_factor": 1.0,
    "tct_risk_R": 1.0,
    "tct_risk_H": 1.4261451516983215e-05,
    "tct_n_used": 1.0,
    "tct_B_used": 7.583914943595355,
    "tct_Te_used": 11.772566828028907,
    "TBR": 1.7854099409802062,
    "fail_rate": 0.0,
    "wall_load": 11.358820651870028,
    "raw_wall_load": 13.995230819219051,
    "lithium_wall_modifier": 1.2321024557170894,
    "performance_boost": 1.0278522946860507,
    "bootstrap_boost": 1.033049584053973,
    "wall_temp": 195.86855525869322,
    "bootstrap": 0.5455230755908906,
    "blanket_model": "openmc_dataset",
    "blanket_attenuation": 0.6607010024258733,
    "blanket_front_heating_frac": 0.42,
    "capex_billion": 16.77319003468378,
    "annual_revenue_musd": 1588828.0069019967,
    "annual_cost_musd": 1509.5871031215402
  },
  "score": -5497175.6127614165,
  "objectives": {
    "net_electric": 3100.394190574868,
    "bootstrap": 0.5455230755908906,
    "TBR": 1.7854099409802062,
    "wall_load": 11.358820651870028,
    "capex_billion": 16.77319003468378,
    "R": 5.949766058456399,
    "B0": 7.583914943595355
  },
  "feasible": true,
  "rank": 0,
  "crowding": 1.001666043061947
}