{
  "ok": true,
  "design": {
    "lithium_thickness": 0.005361133281961864,
    "li6_frac": 0.3386217139549683,
    "l3": "SiC",
    "Ti": 29.561443956307983,
    "l4_pack": 1.390156908922926,
    "kappa": 2.1310528462097555,
    "l2_li6": 0.5262151666710595,
    "mc_samples": 234581,
    "l3_pack": 1.3616296571526791,
    "blanket_thickness": 0.7630646468950153,
    "l2": "Li2TiO3",
    "Ip": 29.655231421802483,
    "l1_li6": 0.5944765459110417,
    "split": [
      0.24732076929279587,
      0.04922088240045713,
      0.30509159007605635,
      0.39836675823069073
    ],
    "cooling_eff": 0.5302632105101427,
    "Te": 18.834498772939895,
    "a": 2.4179809085993678,
    "R": 4.468749575608517,
    "H98": 1.171892066429135,
    "l4": "W",
    "mult_frac": 0.334028586433988,
    "fG": 0.748170211776496,
    "B0": 7.72490633457695,
    "l1": "Pb",
    "l1_pack": 1.6475338545743912,
    "l3_li6": 0.05194798923053258,
    "reconn_trigger": 0.6967443270669988,
    "l2_pack": 0.9743277052771904,
    "conf_trigger": 0.1083942975019414,
    "lithium_velocity": 6.0,
    "coolant_outlet_K": 1179.5604256731456,
    "liquid_wall_li6_enrich": 0.4624653167323404,
    "l4_li6": -0.30218804375104313,
    "frac_cap": 0.6420357897747134
  },
  "result": {
    "score": 519416.6152908974,
    "net_electric": 1013.5952359314779,
    "tct_control_strength": 0.0,
    "tct_precursor": 0.40000871595037524,
    "tct_upstream_factor": 0.65,
    "tct_risk_R": 1.0,
    "tct_risk_H": 1.4526583958703719e-05,
    "tct_n_used": 1.0,
    "tct_B_used": 7.72490633457695,
    "tct_Te_used": 18.834498772939895,
    "TBR": 1.7771565728546395,
    "fail_rate": 0.0,
    "wall_load": 4.519606323554494,
    "raw_wall_load": 6.04220924032255,
    "lithium_wall_modifier": 1.336888394202128,
    "performance_boost": 1.0404266073042554,
    "bootstrap_boost": 1.0365790521268026,
    "wall_temp": 288.45490336396784,
    "bootstrap": 0.1423336586541502,
    "blanket_model": "openmc_dataset",
    "blanket_attenuation": 0.7024013443997489,
    "blanket_front_heating_frac": 0.42,
    "capex_billion": 9.55352243934675,
    "annual_revenue_musd": 519427.0146054452,
    "annual_cost_musd": 859.8170195412075
  },
  "score": 519588.49454289675,
  "objectives": {
    "net_electric": 1013.5952359314779,
    "bootstrap": 0.1423336586541502,
    "TBR": 1.7771565728546395,
    "wall_load": 4.519606323554494,
    "capex_billion": 9.55352243934675,
    "R": 4.468749575608517,
    "B0": 7.72490633457695
  },
  "feasible": true,
  "rank": 0,
  "crowding": 0.7434386345546345
}