{
  "ok": true,
  "design": {
    "lithium_thickness": 0.001602079085217392,
    "li6_frac": 0.21546874299186033,
    "l3": "SiC",
    "Ti": 38.547049683183566,
    "l4_pack": 0.8540186987818859,
    "l2_li6": 0.42633523922481087,
    "mc_samples": 171550,
    "l3_pack": 1.294705331224421,
    "blanket_thickness": 0.8117162614659664,
    "l2": "Li2TiO3",
    "Ip": 22.840244280827946,
    "l1_li6": 0.6901216530517462,
    "split": [
      0.010589237332678553,
      0.1393823229730977,
      0.5126532880541824,
      0.33737515164004134
    ],
    "cooling_eff": 0.28235419712123205,
    "Te": 28.32975501735107,
    "a": 2.358530785508056,
    "R": 12.0,
    "H98": 1.273074309688654,
    "liquid_wall_li6_enrich": 0.769497059682827,
    "l4": "Be12Ti",
    "mult_frac": -0.0374765170450464,
    "fG": 0.8844306946175466,
    "B0": 6.543776384782748,
    "l1": "Pb",
    "l1_pack": 1.1138193355085324,
    "l3_li6": 0.9255405063907061,
    "reconn_trigger": 0.5700887525540708,
    "l2_pack": 0.928709600783453,
    "conf_trigger": 0.8552780871406103,
    "lithium_velocity": 6.0,
    "coolant_outlet_K": 1226.7935959464235,
    "kappa": 2.045808361665803,
    "l4_li6": -0.25557752070798967,
    "frac_cap": 0.5662135337436885
  },
  "result": {
    "score": -707055.3166061657,
    "net_electric": 4105.805557772634,
    "tct_control_strength": 1.0,
    "tct_precursor": 0.40000738329084734,
    "tct_upstream_factor": 1.0,
    "tct_risk_R": 1.0,
    "tct_risk_H": 1.2305484745496933e-05,
    "tct_n_used": 1.0,
    "tct_B_used": 6.543776384782748,
    "tct_Te_used": 28.32975501735107,
    "TBR": 1.7796288907345073,
    "fail_rate": 0.0,
    "wall_load": 9.559322132592165,
    "raw_wall_load": 11.828567082124883,
    "lithium_wall_modifier": 1.2373855507804061,
    "performance_boost": 1.0284862660936487,
    "bootstrap_boost": 1.0348043967550935,
    "wall_temp": 182.3189292557336,
    "bootstrap": 0.8795837372418295,
    "blanket_model": "openmc_dataset",
    "blanket_attenuation": 0.6905420654217231,
    "blanket_front_heating_frac": 0.42,
    "capex_billion": 19.693278657105605,
    "annual_revenue_musd": 2104061.116136164,
    "annual_cost_musd": 1772.3950791395046
  },
  "score": -707008.4168216924,
  "objectives": {
    "net_electric": 4105.805557772634,
    "bootstrap": 0.8795837372418295,
    "TBR": 1.7796288907345073,
    "wall_load": 9.559322132592165,
    "capex_billion": 19.693278657105605,
    "R": 12.0,
    "B0": 6.543776384782748
  },
  "feasible": true,
  "rank": 0,
  "crowding": Infinity
}