{
  "ok": true,
  "design": {
    "lithium_thickness": 0.01397318079337514,
    "li6_frac": 0.04410290180541376,
    "l3": "Pb",
    "Ti": 37.563926131093034,
    "l4_pack": 0.9860749953941594,
    "l2_li6": 0.6486974306307614,
    "mc_samples": 221374,
    "l3_pack": 1.2935777196834586,
    "blanket_thickness": 1.6,
    "l2": "Li2O",
    "Ip": 20.119636669008557,
    "l1_li6": 0.06878611971785425,
    "split": [
      0.24732076929279587,
      0.04922088240045713,
      0.30509159007605635,
      0.39836675823069073
    ],
    "cooling_eff": 0.29318688056940034,
    "Te": 20.974630127795642,
    "a": 2.7050982016221683,
    "R": 8.763404807309442,
    "H98": 1.4168286212707377,
    "liquid_wall_li6_enrich": 1.4391150585775323,
    "l4": "W",
    "mult_frac": 0.6124747043695626,
    "fG": 0.6853188974888095,
    "B0": 4.91103305095647,
    "l1": "W",
    "l1_pack": 1.1094466943260515,
    "l3_li6": 0.04615660467148225,
    "reconn_trigger": 0.7217929641237739,
    "l2_pack": 1.3215692453879606,
    "conf_trigger": 1.5257639492762574,
    "lithium_velocity": 3.1087169491580133,
    "coolant_outlet_K": 706.3213970837687,
    "kappa": 2.572065319822734,
    "l4_li6": 0.26223696542656544,
    "frac_cap": 0.6397683451488732
  },
  "result": {
    "score": -376071.17353346216,
    "net_electric": 1317.6519648495018,
    "tct_control_strength": 0.3460411395611006,
    "tct_precursor": 0.40000554107953024,
    "tct_upstream_factor": 1.0,
    "tct_risk_R": 1.0,
    "tct_risk_H": 9.235132550328194e-06,
    "tct_n_used": 1.0,
    "tct_B_used": 4.91103305095647,
    "tct_Te_used": 20.974630127795642,
    "TBR": 1.8067731682077173,
    "fail_rate": 0.0,
    "wall_load": 3.9288153584936136,
    "raw_wall_load": 5.2904628856088465,
    "lithium_wall_modifier": 1.3465796691543468,
    "performance_boost": 1.0415895602985217,
    "bootstrap_boost": 1.0346579669154348,
    "wall_temp": 653.548182238336,
    "bootstrap": 0.4941224351160105,
    "blanket_model": "openmc_dataset",
    "blanket_attenuation": 0.5240450127053347,
    "blanket_front_heating_frac": 0.42,
    "capex_billion": 10.223045266695433,
    "annual_revenue_musd": 675243.9259067756,
    "annual_cost_musd": 920.074074002589
  },
  "score": -375889.32337521383,
  "objectives": {
    "net_electric": 1317.6519648495018,
    "bootstrap": 0.4941224351160105,
    "TBR": 1.8067731682077173,
    "wall_load": 3.9288153584936136,
    "capex_billion": 10.223045266695433,
    "R": 8.763404807309442,
    "B0": 4.91103305095647
  },
  "feasible": true,
  "rank": 0,
  "crowding": Infinity
}