{
  "ok": true,
  "design": {
    "lithium_thickness": 0.008706465632711768,
    "li6_frac": 0.39566715820165976,
    "l3": "Li2TiO3",
    "Ti": 35.28081234872068,
    "l4_pack": 0.8398641044219466,
    "kappa": 1.8250626992515322,
    "l2_li6": 0.5524821560690878,
    "mc_samples": 255546,
    "l3_pack": 0.7652295798164961,
    "blanket_thickness": 1.4490197586415146,
    "l2": "Li2O",
    "Ip": 23.71919740060224,
    "l1_li6": 0.5634880104109254,
    "split": [
      0.41536200210409624,
      0.19720236915373693,
      0.29121078763354363,
      0.09622484110862317
    ],
    "cooling_eff": 0.5242734418525996,
    "Te": 17.51496319436277,
    "a": 2.424562931522478,
    "R": 8.689565234049926,
    "H98": 1.135541598799641,
    "l4": "Pb",
    "mult_frac": 0.3625577707234375,
    "fG": 1.0,
    "B0": 6.861950651805801,
    "l1": "Li",
    "l1_pack": 0.3577297014120504,
    "l3_li6": 0.20116147994762584,
    "reconn_trigger": 0.9048479638674074,
    "l2_pack": 0.8256227182264703,
    "conf_trigger": 0.35019970802456196,
    "lithium_velocity": 4.366768692311349,
    "coolant_outlet_K": 733.9244940973343,
    "liquid_wall_li6_enrich": 1.2047081745188197,
    "l4_li6": -0.06289183971764571,
    "frac_cap": 0.5291144046045447
  },
  "result": {
    "score": 1730642.7431502203,
    "net_electric": 3377.8242716813297,
    "tct_control_strength": 0.0,
    "tct_precursor": 0.4000077422843421,
    "tct_upstream_factor": 0.65,
    "tct_risk_R": 1.0,
    "tct_risk_H": 1.29038072368288e-05,
    "tct_n_used": 1.0,
    "tct_B_used": 6.861950651805801,
    "tct_Te_used": 17.51496319436277,
    "TBR": 1.8028085198336754,
    "fail_rate": 0.0,
    "wall_load": 6.069341567215996,
    "raw_wall_load": 8.208924235042288,
    "lithium_wall_modifier": 1.3525230280963934,
    "performance_boost": 1.0423027633715671,
    "bootstrap_boost": 1.0532523028096394,
    "wall_temp": 629.0775448589887,
    "bootstrap": 0.8952644573881935,
    "blanket_model": "openmc_dataset",
    "blanket_attenuation": 0.5524818969847023,
    "blanket_front_heating_frac": 0.42,
    "capex_billion": 17.517838350050422,
    "annual_revenue_musd": 1730999.8262658142,
    "annual_cost_musd": 1576.6054515045378
  },
  "score": 1730822.7083578617,
  "objectives": {
    "net_electric": 3377.8242716813297,
    "bootstrap": 0.8952644573881935,
    "TBR": 1.8028085198336754,
    "wall_load": 6.069341567215996,
    "capex_billion": 17.517838350050422,
    "R": 8.689565234049926,
    "B0": 6.861950651805801
  },
  "feasible": true,
  "rank": 0,
  "crowding": Infinity
}