{
  "ok": true,
  "design": {
    "lithium_thickness": 0.008035440327472557,
    "li6_frac": 0.6996719106328171,
    "l3": "Pb",
    "Ti": 40.0,
    "l4_pack": 1.162699709756524,
    "l2_li6": 0.2545182288790876,
    "mc_samples": 215186,
    "l3_pack": 1.1404711342131375,
    "blanket_thickness": 1.4450810839455588,
    "l2": "Li2TiO3",
    "Ip": 20.839905213504565,
    "l1_li6": -0.07888447590300363,
    "split": [
      0.26383198885595766,
      0.16892515232810107,
      0.5100903255853355,
      0.057152533230605713
    ],
    "cooling_eff": 1.2961477561917167,
    "Te": 21.58797869555638,
    "a": 2.363458319718166,
    "R": 7.109222242983575,
    "H98": 1.0902366136728523,
    "liquid_wall_li6_enrich": 1.236494306302331,
    "l4": "TiB2",
    "mult_frac": 1.213059400380639,
    "fG": 0.7634237427769085,
    "B0": 4.380200441108325,
    "l1": "W",
    "l1_pack": 1.1059760562034906,
    "l3_li6": 0.15030602985254052,
    "reconn_trigger": 0.6371022786000495,
    "l2_pack": 1.7509034381866972,
    "conf_trigger": 1.076107473011799,
    "lithium_velocity": 5.992513591663579,
    "coolant_outlet_K": 871.5703524158607,
    "kappa": 2.2116046221584322,
    "l4_li6": 0.024824947279054238,
    "frac_cap": 0.5958903782323699
  },
  "result": {
    "score": 1716513.778107457,
    "net_electric": 3791.904750128027,
    "tct_control_strength": 0.8266365091333825,
    "tct_precursor": 0.4000049421453186,
    "tct_upstream_factor": 1.0,
    "tct_risk_R": 1.0,
    "tct_risk_H": 8.236908864370816e-06,
    "tct_n_used": 1.0,
    "tct_B_used": 4.380200441108325,
    "tct_Te_used": 21.58797869555638,
    "TBR": 1.8026996453389332,
    "fail_rate": 0.0,
    "wall_load": 7.367933487734374,
    "raw_wall_load": 10.106069245197892,
    "lithium_wall_modifier": 1.3716287290081781,
    "performance_boost": 1.0445954474809813,
    "bootstrap_boost": 1.0409682974674324,
    "wall_temp": 704.8165461604324,
    "bootstrap": 0.8848230528473174,
    "blanket_model": "openmc_dataset",
    "blanket_attenuation": 0.5532440384474528,
    "blanket_front_heating_frac": 0.42,
    "capex_billion": 17.990906914401396,
    "annual_revenue_musd": 1943199.5082506086,
    "annual_cost_musd": 1619.1816222961256
  },
  "score": 1716694.2874362702,
  "objectives": {
    "net_electric": 3791.904750128027,
    "bootstrap": 0.8848230528473174,
    "TBR": 1.8026996453389332,
    "wall_load": 7.367933487734374,
    "capex_billion": 17.990906914401396,
    "R": 7.109222242983575,
    "B0": 4.380200441108325
  },
  "feasible": true,
  "rank": 0,
  "crowding": 0.7006402723123941
}