{
  "ok": true,
  "design": {
    "R": 7.02432637238417,
    "a": 1.526118558428886,
    "kappa": 1.7034892101540462,
    "B0": 9.5,
    "Ip": 22.71175996112869,
    "Ti": 29.199129477378097,
    "Te": 14.197624720509811,
    "H98": 0.9943810119377622,
    "fG": 0.7977042915400467,
    "frac_cap": 0.6300403296560463,
    "reconn_trigger": 0.669744029560355,
    "conf_trigger": 0.6348232967399938,
    "lithium_thickness": 0.0016002688464410177,
    "lithium_velocity": 5.465428549966343,
    "liquid_wall_li6_enrich": 0.6719548700878339,
    "blanket_thickness": 1.015566564529491,
    "l1": "Be12Ti",
    "l1_li6": 0.0,
    "l1_pack": 0.7504550516531379,
    "l2": "Li2O",
    "l2_li6": 0.6,
    "l2_pack": 0.8504823208278205,
    "l3": "Li4SiO4",
    "l3_li6": 0.6,
    "l3_pack": 0.628857011050913,
    "l4": "TiB2",
    "l4_li6": 0.0,
    "l4_pack": 0.7720762813499891,
    "split": [
      0.025127208699787698,
      0.3076296715070113,
      0.32429724471530724,
      0.34294587507789365
    ],
    "li6_frac": 0.5074969695468027,
    "mult_frac": 0.30753092768887114,
    "cooling_eff": 0.4215520540985296,
    "coolant_outlet_K": 761.9191215031699,
    "mc_samples": 300000
  },
  "result": {
    "score": -1818774.475909952,
    "net_electric": 1818.6672441216065,
    "tct_control_strength": 1.0,
    "tct_precursor": 0.4000107187744393,
    "tct_upstream_factor": 1.0,
    "tct_risk_R": 1.0,
    "tct_risk_H": 1.7864624065405313e-05,
    "tct_n_used": 1.0,
    "tct_B_used": 9.5,
    "tct_Te_used": 14.197624720509811,
    "TBR": 1.7885909156169177,
    "fail_rate": 0.0,
    "wall_load": 9.527754087761123,
    "raw_wall_load": 11.718901932326311,
    "lithium_wall_modifier": 1.2299752727014468,
    "performance_boost": 1.0275970327241737,
    "bootstrap_boost": 1.0288597847625474,
    "wall_temp": 181.51152432375218,
    "bootstrap": 0.8745308170481653,
    "blanket_model": "openmc_dataset",
    "blanket_attenuation": 0.6429900727470003,
    "blanket_front_heating_frac": 0.42,
    "capex_billion": 13.432065282438492,
    "annual_revenue_musd": 931994.2159225584,
    "annual_cost_musd": 1208.8858754194644
  },
  "score": -1818722.1980539185,
  "objectives": {
    "net_electric": 1818.6672441216065,
    "bootstrap": 0.8745308170481653,
    "TBR": 1.7885909156169177,
    "wall_load": 9.527754087761123,
    "capex_billion": 13.432065282438492,
    "R": 7.02432637238417,
    "B0": 9.5
  },
  "feasible": true,
  "rank": 0,
  "crowding": Infinity
}