{
  "ok": true,
  "design": {
    "lithium_thickness": 0.011523562097847436,
    "li6_frac": 0.6721785832239562,
    "l3": "Pb",
    "Ti": 36.63050944854896,
    "l4_pack": 0.631153932037393,
    "l2_li6": -0.1964042022293879,
    "mc_samples": 125442,
    "l3_pack": 1.1040940880577816,
    "blanket_thickness": 0.9401337101494767,
    "l2": "PbLi",
    "Ip": 27.075525696811376,
    "l1_li6": 0.2860027587189351,
    "split": [
      0.41536200210409624,
      0.19720236915373693,
      0.29121078763354363,
      0.09622484110862317
    ],
    "cooling_eff": 0.1864983526348416,
    "Te": 23.52674198115879,
    "a": 2.660973766875785,
    "R": 9.174573314359522,
    "H98": 1.0141722712245378,
    "liquid_wall_li6_enrich": 0.85888744782453,
    "l4": "Be12Ti",
    "mult_frac": 0.06574779395484874,
    "fG": 0.9289150160849587,
    "B0": 5.116222243327348,
    "l1": "Pb",
    "l1_pack": 1.1187957638690946,
    "l3_li6": 0.6003854134820115,
    "reconn_trigger": 0.5915989557542325,
    "l2_pack": 0.8177014254621155,
    "conf_trigger": 1.2354203411194717,
    "lithium_velocity": 5.973582951227022,
    "coolant_outlet_K": 639.2471521348841,
    "kappa": 1.5877892494008727,
    "l4_li6": 0.31245157355761344,
    "frac_cap": 0.6122274660803274
  },
  "result": {
    "score": 82231.50535256031,
    "net_electric": 2242.7727725822133,
    "tct_control_strength": 0.6343390473338844,
    "tct_precursor": 0.40000577259286396,
    "tct_upstream_factor": 1.0,
    "tct_risk_R": 1.0,
    "tct_risk_H": 9.620988106537653e-06,
    "tct_n_used": 1.0,
    "tct_B_used": 5.116222243327348,
    "tct_Te_used": 23.52674198115879,
    "TBR": 1.7855037287727773,
    "fail_rate": 0.0,
    "wall_load": 6.800112069980335,
    "raw_wall_load": 9.454894954422768,
    "lithium_wall_modifier": 1.3904028135304114,
    "performance_boost": 1.0468483376236493,
    "bootstrap_boost": 1.0527751823181386,
    "wall_temp": 932.8751632230983,
    "bootstrap": 0.8948589049704178,
    "blanket_model": "openmc_dataset",
    "blanket_attenuation": 0.6601920543887533,
    "blanket_front_heating_frac": 0.42,
    "capex_billion": 13.576798395241278,
    "annual_revenue_musd": 1149331.335037481,
    "annual_cost_musd": 1221.911855571715
  },
  "score": 82406.52242686957,
  "objectives": {
    "net_electric": 2242.7727725822133,
    "bootstrap": 0.8948589049704178,
    "TBR": 1.7855037287727773,
    "wall_load": 6.800112069980335,
    "capex_billion": 13.576798395241278,
    "R": 9.174573314359522,
    "B0": 5.116222243327348
  },
  "feasible": true,
  "rank": 0,
  "crowding": Infinity
}