{
  "ok": true,
  "design": {
    "R": 8.168837322180316,
    "a": 1.7657113689168502,
    "kappa": 1.9283515738458488,
    "B0": 7.34296376720605,
    "Ip": 18.33421091841184,
    "Ti": 32.5566795047,
    "Te": 20.014769079783676,
    "H98": 1.2537416602902052,
    "fG": 0.7835141354892299,
    "frac_cap": 0.8301841475380385,
    "reconn_trigger": 0.7197751986335299,
    "conf_trigger": 0.6149305668167449,
    "lithium_thickness": 0.0028532046953868412,
    "lithium_velocity": 4.43215624057439,
    "liquid_wall_li6_enrich": 0.6331406163240032,
    "blanket_thickness": 1.4960779420646921,
    "l1": "B4C",
    "l1_li6": 0.0,
    "l1_pack": 0.641116460632914,
    "l2": "Li2O",
    "l2_li6": 0.3,
    "l2_pack": 0.683611557379399,
    "l3": "B4C",
    "l3_li6": 0.0,
    "l3_pack": 0.7647424447753178,
    "l4": "TiB2",
    "l4_li6": 0.0,
    "l4_pack": 0.7431548267246844,
    "split": [
      0.07417256178258319,
      0.4287571864758251,
      0.287991436895322,
      0.2090788148462696
    ],
    "li6_frac": 0.6750519014294242,
    "mult_frac": 0.11927225367407934,
    "cooling_eff": 0.36716641188669913,
    "coolant_outlet_K": 950.5146467907989,
    "mc_samples": 300000
  },
  "result": {
    "score": -6462335.8415757045,
    "net_electric": 3073.8862829799973,
    "tct_control_strength": 1.0,
    "tct_precursor": 0.4000082850076144,
    "tct_upstream_factor": 1.0,
    "tct_risk_R": 1.0,
    "tct_risk_H": 1.3808346023897734e-05,
    "tct_n_used": 1.0,
    "tct_B_used": 7.34296376720605,
    "tct_Te_used": 20.014769079783676,
    "TBR": 1.804086905393993,
    "fail_rate": 0.0,
    "wall_load": 11.674937266105411,
    "raw_wall_load": 14.639544221696339,
    "lithium_wall_modifier": 1.2539291550797238,
    "performance_boost": 1.0304714986095669,
    "bootstrap_boost": 1.0304037636373262,
    "wall_temp": 396.55935507141396,
    "bootstrap": 0.8758431990917273,
    "blanket_model": "openmc_dataset",
    "blanket_attenuation": 0.5434568458877937,
    "blanket_front_heating_frac": 0.42,
    "capex_billion": 16.739974006760313,
    "annual_revenue_musd": 1575243.7645759294,
    "annual_cost_musd": 1506.5976606084282
  },
  "score": -6462450.278357415,
  "objectives": {
    "net_electric": 3073.8862829799973,
    "bootstrap": 0.8758431990917273,
    "TBR": 1.804086905393993,
    "wall_load": 11.674937266105411,
    "capex_billion": 16.739974006760313,
    "R": 8.168837322180316,
    "B0": 7.34296376720605
  },
  "feasible": true,
  "rank": 0,
  "crowding": Infinity
}