{
  "ok": true,
  "design": {
    "lithium_thickness": 0.0026273952380880543,
    "li6_frac": 0.4603645198306074,
    "l3": "Pb",
    "Ti": 35.82395459725294,
    "l4_pack": 0.9644478133077059,
    "l2_li6": 0.7326653609026365,
    "mc_samples": 132314,
    "l3_pack": 1.0199519253340734,
    "blanket_thickness": 1.6,
    "l2": "PbLi",
    "Ip": 17.50988443710239,
    "l1_li6": 0.4862309199746541,
    "split": [
      0.26383198885595766,
      0.16892515232810107,
      0.5100903255853355,
      0.057152533230605713
    ],
    "cooling_eff": 0.2526512940840417,
    "Te": 17.335505709618815,
    "a": 2.7193494918998247,
    "R": 8.759173710167811,
    "H98": 1.3635637008474049,
    "liquid_wall_li6_enrich": 0.6481941727200005,
    "l4": "W",
    "mult_frac": 0.2923909066119818,
    "fG": 0.6629794052064031,
    "B0": 8.46454037421443,
    "l1": "Li",
    "l1_pack": 1.3962339687380754,
    "l3_li6": 0.3983178192249247,
    "reconn_trigger": 0.6597128281686593,
    "l2_pack": 0.8502497707981351,
    "conf_trigger": 1.1217112615417772,
    "lithium_velocity": 3.187804009800237,
    "coolant_outlet_K": 1172.243660629812,
    "kappa": 2.3501776094337927,
    "l4_li6": 0.017993620650269947,
    "frac_cap": 0.7849271327715959
  },
  "result": {
    "score": -591021.8268279831,
    "net_electric": 918.8990767196032,
    "tct_control_strength": 0.7365548176145413,
    "tct_precursor": 0.4000095504735793,
    "tct_upstream_factor": 1.0,
    "tct_risk_R": 1.0,
    "tct_risk_H": 1.591745596545116e-05,
    "tct_n_used": 1.0,
    "tct_B_used": 8.46454037421443,
    "tct_Te_used": 17.335505709618815,
    "TBR": 1.8067731682077173,
    "fail_rate": 0.0,
    "wall_load": 3.43369299893793,
    "raw_wall_load": 4.199739989238658,
    "lithium_wall_modifier": 1.2230971116339384,
    "performance_boost": 1.0267716533960727,
    "bootstrap_boost": 1.0223097111633939,
    "wall_temp": 107.40081707697391,
    "bootstrap": 0.18489334739125365,
    "blanket_model": "openmc_dataset",
    "blanket_attenuation": 0.5240450127053347,
    "blanket_front_heating_frac": 0.42,
    "capex_billion": 9.65609976960793,
    "annual_revenue_musd": 470899.02085572784,
    "annual_cost_musd": 869.0489792647138
  },
  "score": -590840.159712346,
  "objectives": {
    "net_electric": 918.8990767196032,
    "bootstrap": 0.18489334739125365,
    "TBR": 1.8067731682077173,
    "wall_load": 3.43369299893793,
    "capex_billion": 9.65609976960793,
    "R": 8.759173710167811,
    "B0": 8.46454037421443
  },
  "feasible": true,
  "rank": 0,
  "crowding": Infinity
}