{
  "ok": true,
  "design": {
    "lithium_thickness": 0.00775516261926556,
    "li6_frac": 0.3014871942889795,
    "l3": "TiB2",
    "Ti": 36.69573196371518,
    "l4_pack": 0.8285041844771978,
    "l2_li6": 0.2340345229177834,
    "mc_samples": 300000,
    "l3_pack": 0.9884083291034005,
    "blanket_thickness": 1.0658589849467013,
    "l2": "Pb",
    "Ip": 16.033890814617493,
    "l1_li6": 0.41041120440571344,
    "split": [
      0.24732076929279587,
      0.04922088240045713,
      0.30509159007605635,
      0.39836675823069073
    ],
    "cooling_eff": 0.4221320468801639,
    "Te": 17.262575013523893,
    "a": 2.8,
    "R": 8.800189785259745,
    "H98": 1.3687534373105448,
    "liquid_wall_li6_enrich": 0.6615681401942866,
    "l4": "B4C",
    "mult_frac": 0.4196715981384799,
    "fG": 0.8944902989058608,
    "B0": 4.803766783794902,
    "l1": "W",
    "l1_pack": 1.4352300990586468,
    "l3_li6": -0.01802645277968931,
    "reconn_trigger": 0.9199315578231363,
    "l2_pack": 1.3750820528698946,
    "conf_trigger": 0.7796324168760351,
    "lithium_velocity": 0.2,
    "coolant_outlet_K": 900.1371405887797,
    "kappa": 2.5672690507008493,
    "l4_li6": 0.0,
    "frac_cap": 0.8255310421636148
  },
  "result": {
    "score": 508038.54954431497,
    "net_electric": 3091.658855887394,
    "tct_control_strength": 1.0,
    "tct_precursor": 0.40000542005185413,
    "tct_upstream_factor": 1.0,
    "tct_risk_R": 1.0,
    "tct_risk_H": 9.0334197568818e-06,
    "tct_n_used": 1.0,
    "tct_B_used": 4.803766783794902,
    "tct_Te_used": 17.262575013523893,
    "TBR": 1.7905242875467522,
    "fail_rate": 0.0,
    "wall_load": 6.478650980035471,
    "raw_wall_load": 7.813370892426009,
    "lithium_wall_modifier": 1.206018184418885,
    "performance_boost": 1.0247221821302661,
    "bootstrap_boost": 1.0322712363762403,
    "wall_temp": 598.1308559957056,
    "bootstrap": 0.5954108783753974,
    "blanket_model": "openmc_dataset",
    "blanket_attenuation": 0.6317709692306527,
    "blanket_front_heating_frac": 0.42,
    "capex_billion": 16.14576750630789,
    "annual_revenue_musd": 1584351.4972880536,
    "annual_cost_musd": 1453.1190755677103
  },
  "score": 508213.5568065056,
  "objectives": {
    "net_electric": 3091.658855887394,
    "bootstrap": 0.5954108783753974,
    "TBR": 1.7905242875467522,
    "wall_load": 6.478650980035471,
    "capex_billion": 16.14576750630789,
    "R": 8.800189785259745,
    "B0": 4.803766783794902
  },
  "feasible": true,
  "rank": 0,
  "crowding": Infinity
}