{
  "ok": true,
  "design": {
    "R": 6.56284682377124,
    "a": 2.76917488613872,
    "kappa": 1.7558426709541497,
    "B0": 9.5,
    "Ip": 25.610115785133967,
    "Ti": 37.1428715673379,
    "Te": 21.055212081276878,
    "H98": 1.1621375099456086,
    "fG": 0.6063839184627938,
    "frac_cap": 0.5692018629053082,
    "reconn_trigger": 0.639462928246327,
    "conf_trigger": 0.6059754581360468,
    "lithium_thickness": 0.002872383291111256,
    "lithium_velocity": 5.598780085751507,
    "liquid_wall_li6_enrich": 0.6195877445041084,
    "blanket_thickness": 0.5392166418213437,
    "l1": "Li2TiO3",
    "l1_li6": 0.9,
    "l1_pack": 0.8937924799957111,
    "l2": "W",
    "l2_li6": 0.0,
    "l2_pack": 1.0,
    "l3": "PbLi",
    "l3_li6": 0.9,
    "l3_pack": 1.0,
    "l4": "Be12Ti",
    "l4_li6": 0.0,
    "l4_pack": 0.9472388262289355,
    "split": [
      0.08982616806023762,
      0.2203628849415922,
      0.4390243751882805,
      0.25078657180988967
    ],
    "li6_frac": 0.46326228295585925,
    "mult_frac": 0.47512617574203103,
    "cooling_eff": 0.42470825956603986,
    "coolant_outlet_K": 997.6729065168342,
    "mc_samples": 300000
  },
  "result": {
    "score": -696049.1729247585,
    "net_electric": 809.6365112413495,
    "tct_control_strength": 1.0,
    "tct_precursor": 0.4000107187744393,
    "tct_upstream_factor": 1.0,
    "tct_risk_R": 1.0,
    "tct_risk_H": 1.7864624065405313e-05,
    "tct_n_used": 1.0,
    "tct_B_used": 9.5,
    "tct_Te_used": 21.055212081276878,
    "TBR": 1.7632675998769431,
    "fail_rate": 0.0,
    "wall_load": 2.5397778490338854,
    "raw_wall_load": 3.231841550786336,
    "lithium_wall_modifier": 1.2724898565501337,
    "performance_boost": 1.0326987827860161,
    "bootstrap_boost": 1.0272489856550133,
    "wall_temp": 86.84780305594545,
    "bootstrap": 0.12373648228304414,
    "blanket_model": "openmc_dataset",
    "blanket_attenuation": 0.7596454096113622,
    "blanket_front_heating_frac": 0.42,
    "capex_billion": 9.461986849895872,
    "annual_revenue_musd": 414906.326550742,
    "annual_cost_musd": 851.5788164906286
  },
  "score": -695882.6855965713,
  "objectives": {
    "net_electric": 809.6365112413495,
    "bootstrap": 0.12373648228304414,
    "TBR": 1.7632675998769431,
    "wall_load": 2.5397778490338854,
    "capex_billion": 9.461986849895872,
    "R": 6.56284682377124,
    "B0": 9.5
  },
  "feasible": true,
  "rank": 0,
  "crowding": Infinity
}