{
  "ok": true,
  "design": {
    "lithium_thickness": 0.006133258424558458,
    "li6_frac": 0.13117607083705973,
    "l3": "Pb",
    "Ti": 35.95974299273932,
    "l4_pack": 0.3525028811803965,
    "kappa": 1.522712932619029,
    "l2_li6": 0.7009952035501481,
    "mc_samples": 214945,
    "l3_pack": 1.3347350204981576,
    "blanket_thickness": 1.6,
    "l2": "Li2O",
    "Ip": 22.336358843115406,
    "l1_li6": -0.3560247281799706,
    "split": [
      0.41536200210409624,
      0.19720236915373693,
      0.29121078763354363,
      0.09622484110862317
    ],
    "cooling_eff": 1.470095265412934,
    "Te": 15.63063218777246,
    "a": 2.107842131054221,
    "R": 9.387237492987186,
    "H98": 0.9568473544121371,
    "l4": "W",
    "mult_frac": 0.9562511618531739,
    "fG": 0.8554013849982557,
    "B0": 6.185826896611291,
    "l1": "Li",
    "l1_pack": 1.4022197808011763,
    "l3_li6": 0.004131851011900653,
    "reconn_trigger": 0.7237764653247286,
    "l2_pack": 1.2452185508435334,
    "conf_trigger": 1.1509943129403104,
    "lithium_velocity": 4.8698192957115936,
    "coolant_outlet_K": 599.4875696083263,
    "liquid_wall_li6_enrich": 1.0087188003675083,
    "l4_li6": -0.054030792036146656,
    "frac_cap": 0.3800787543613386
  },
  "result": {
    "score": 707864.5433406453,
    "net_electric": 1433.3744584742878,
    "tct_control_strength": 0.646563658838107,
    "tct_precursor": 0.40000697941928687,
    "tct_upstream_factor": 1.0,
    "tct_risk_R": 1.0,
    "tct_risk_H": 1.1632365478066688e-05,
    "tct_n_used": 1.0,
    "tct_B_used": 6.185826896611291,
    "tct_Te_used": 15.63063218777246,
    "TBR": 1.8067731682077173,
    "fail_rate": 0.0,
    "wall_load": 2.8260678347584522,
    "raw_wall_load": 3.7679397999434294,
    "lithium_wall_modifier": 1.33328002732301,
    "performance_boost": 1.0399936032787611,
    "bootstrap_boost": 1.0426520858321964,
    "wall_temp": 206.34528995126138,
    "bootstrap": 0.8862542729573669,
    "blanket_model": "openmc_dataset",
    "blanket_attenuation": 0.5240450127053347,
    "blanket_front_heating_frac": 0.42,
    "capex_billion": 11.017412189838348,
    "annual_revenue_musd": 734547.0749897335,
    "annual_cost_musd": 991.5670970854512
  },
  "score": 708046.3382216955,
  "objectives": {
    "net_electric": 1433.3744584742878,
    "bootstrap": 0.8862542729573669,
    "TBR": 1.8067731682077173,
    "wall_load": 2.8260678347584522,
    "capex_billion": 11.017412189838348,
    "R": 9.387237492987186,
    "B0": 6.185826896611291
  },
  "feasible": true,
  "rank": 0,
  "crowding": Infinity
}