{
  "ok": true,
  "design": {
    "lithium_thickness": 0.00975245268603863,
    "li6_frac": 0.35037458788635517,
    "l3": "SiC",
    "Ti": 32.15631124461216,
    "l4_pack": 0.9223116200422273,
    "l2_li6": 0.44886323931000993,
    "mc_samples": 57116,
    "l3_pack": 0.1954979239312652,
    "blanket_thickness": 0.4208076510107151,
    "l2": "Li2O",
    "Ip": 18.68276512403525,
    "l1_li6": 0.5860738681834254,
    "split": [
      0.24732076929279587,
      0.04922088240045713,
      0.30509159007605635,
      0.39836675823069073
    ],
    "cooling_eff": 0.5439774393362686,
    "Te": 19.548306057382476,
    "a": 2.013466603497127,
    "R": 4.217277191808832,
    "H98": 1.5,
    "liquid_wall_li6_enrich": 0.416594272569961,
    "l4": "W",
    "mult_frac": 0.3153313314163718,
    "fG": 0.8096561774742296,
    "B0": 8.213834348287953,
    "l1": "Pb",
    "l1_pack": 1.1034570559987593,
    "l3_li6": -0.5089557733772565,
    "reconn_trigger": 0.7067153159559307,
    "l2_pack": 0.8888033486797959,
    "conf_trigger": 0.6496292308609841,
    "lithium_velocity": 3.517109923220037,
    "coolant_outlet_K": 931.6530506553454,
    "kappa": 2.204499413946398,
    "l4_li6": 0.010183065285649107,
    "frac_cap": 0.9240984563417445
  },
  "result": {
    "score": -4645555.612539056,
    "net_electric": 2675.9014458954425,
    "tct_control_strength": 1.0,
    "tct_precursor": 0.40000926760396427,
    "tct_upstream_factor": 1.0,
    "tct_risk_R": 1.0,
    "tct_risk_H": 1.5446006607123974e-05,
    "tct_n_used": 1.0,
    "tct_B_used": 8.213834348287953,
    "tct_Te_used": 19.548306057382476,
    "TBR": 1.7533499753430055,
    "fail_rate": 0.0,
    "wall_load": 10.976773179215702,
    "raw_wall_load": 14.742573140802488,
    "lithium_wall_modifier": 1.3430698530527398,
    "performance_boost": 1.0411683823663287,
    "bootstrap_boost": 1.0408863559537278,
    "wall_temp": 1274.4102509009401,
    "bootstrap": 0.23637581215639006,
    "blanket_model": "openmc_dataset",
    "blanket_attenuation": 0.7917889704732974,
    "blanket_front_heating_frac": 0.42,
    "capex_billion": 15.607693219921398,
    "annual_revenue_musd": 1371292.4549635784,
    "annual_cost_musd": 1404.692389792926
  },
  "score": -4645630.262751434,
  "objectives": {
    "net_electric": 2675.9014458954425,
    "bootstrap": 0.23637581215639006,
    "TBR": 1.7533499753430055,
    "wall_load": 10.976773179215702,
    "capex_billion": 15.607693219921398,
    "R": 4.217277191808832,
    "B0": 8.213834348287953
  },
  "feasible": true,
  "rank": 0,
  "crowding": 0.7010271103711785
}