{
  "ok": true,
  "design": {
    "lithium_thickness": 0.0005,
    "li6_frac": 0.24018483780235608,
    "l3": "Be",
    "Ti": 37.78313265928599,
    "kappa": 1.4185170142132473,
    "l4_pack": 1.0827676326340971,
    "l2_li6": 0.8164714364970913,
    "mc_samples": 300000,
    "l3_pack": 0.679982953461308,
    "blanket_thickness": 1.4087453114858772,
    "l2": "Li2O",
    "Ip": 20.20369162651229,
    "l1_li6": 0.2892484357239264,
    "split": [
      0.4486723050036747,
      0.06070042916024055,
      0.16877243662147615,
      0.32185482921460873
    ],
    "cooling_eff": 0.32266622440142606,
    "Te": 19.688642980004833,
    "a": 2.0955582033714006,
    "R": 6.440085193690566,
    "H98": 1.2952362985941626,
    "l4": "Be12Ti",
    "mult_frac": 0.3744390337824479,
    "fG": 0.7756820570313347,
    "B0": 8.772647517084819,
    "l1": "Li4SiO4",
    "l1_pack": 1.0381327127189246,
    "l3_li6": -0.002776341155900986,
    "reconn_trigger": 0.7873059569998648,
    "l2_pack": 0.5390638174409249,
    "conf_trigger": 0.710429196470593,
    "lithium_velocity": 5.473769109922748,
    "coolant_outlet_K": 1122.281467602169,
    "liquid_wall_li6_enrich": 0.7424827508878469,
    "l4_li6": 0.14330522882697178,
    "frac_cap": 0.7017428479683808
  },
  "result": {
    "score": -97734.44078689697,
    "net_electric": 1880.8192720768657,
    "tct_control_strength": 1.0,
    "tct_precursor": 0.40000989810841797,
    "tct_upstream_factor": 1.0,
    "tct_risk_R": 1.0,
    "tct_risk_H": 1.6496847363266484e-05,
    "tct_n_used": 1.0,
    "tct_B_used": 8.772647517084819,
    "tct_Te_used": 19.688642980004833,
    "TBR": 1.8016810076523182,
    "fail_rate": 0.0,
    "wall_load": 8.381849345922301,
    "raw_wall_load": 9.983300998676555,
    "lithium_wall_modifier": 1.1910618512289708,
    "performance_boost": 1.0229274221474765,
    "bootstrap_boost": 1.0236471085447771,
    "wall_temp": 49.89196039239465,
    "bootstrap": 0.7283566486223518,
    "blanket_model": "openmc_dataset",
    "blanket_attenuation": 0.5603248605861442,
    "blanket_front_heating_frac": 0.42,
    "capex_billion": 13.321020546404808,
    "annual_revenue_musd": 963844.6441685105,
    "annual_cost_musd": 1198.891849176433
  },
  "score": -97586.39960510551,
  "objectives": {
    "net_electric": 1880.8192720768657,
    "bootstrap": 0.7283566486223518,
    "TBR": 1.8016810076523182,
    "wall_load": 8.381849345922301,
    "capex_billion": 13.321020546404808,
    "R": 6.440085193690566,
    "B0": 8.772647517084819
  },
  "feasible": true,
  "rank": 0,
  "crowding": 0.7850583863959008
}