{
  "ok": true,
  "design": {
    "R": 7.194261246085397,
    "a": 2.2498286277544763,
    "kappa": 2.2588635234108274,
    "B0": 5.6862338552087035,
    "Ip": 22.46813020781498,
    "Ti": 39.5050637951702,
    "Te": 22.901765996385908,
    "H98": 1.21921646827961,
    "fG": 0.8603804359512595,
    "frac_cap": 0.5518956194207305,
    "reconn_trigger": 0.6690291511973832,
    "conf_trigger": 0.7407217700574538,
    "lithium_thickness": 0.0023719017913386344,
    "lithium_velocity": 3.6639366757082277,
    "liquid_wall_li6_enrich": 0.890315378059255,
    "blanket_thickness": 0.9138960680352798,
    "l1": "Pb",
    "l1_li6": 0.0,
    "l1_pack": 1.0,
    "l2": "Li2O",
    "l2_li6": 0.3,
    "l2_pack": 0.65528866941168,
    "l3": "Li2O",
    "l3_li6": 0.9,
    "l3_pack": 0.9073655802755152,
    "l4": "SiC",
    "l4_li6": 0.0,
    "l4_pack": 0.739055117060661,
    "split": [
      0.010589237332678553,
      0.1393823229730977,
      0.5126532880541824,
      0.33737515164004134
    ],
    "li6_frac": 0.5538952901164367,
    "mult_frac": 0.17613427771633344,
    "cooling_eff": 0.4625941900599334,
    "coolant_outlet_K": 757.4563710078355,
    "mc_samples": 300000
  },
  "result": {
    "score": -6120165.051012795,
    "net_electric": 4363.023150730589,
    "tct_control_strength": 1.0,
    "tct_precursor": 0.4000064157324319,
    "tct_upstream_factor": 1.0,
    "tct_risk_R": 1.0,
    "tct_risk_H": 1.069288738645093e-05,
    "tct_n_used": 1.0,
    "tct_B_used": 5.6862338552087035,
    "tct_Te_used": 22.901765996385908,
    "TBR": 1.7843715207900086,
    "fail_rate": 0.0,
    "wall_load": 11.776079922498766,
    "raw_wall_load": 14.42740930242319,
    "lithium_wall_modifier": 1.2251453282733697,
    "performance_boost": 1.0270174393928044,
    "bootstrap_boost": 1.0321373589844127,
    "wall_temp": 332.520298370497,
    "bootstrap": 0.8220296994386356,
    "blanket_model": "openmc_dataset",
    "blanket_attenuation": 0.6662826360219906,
    "blanket_front_heating_frac": 0.42,
    "capex_billion": 19.861892453206075,
    "annual_revenue_musd": 2235874.8438233975,
    "annual_cost_musd": 1787.5703207885467
  },
  "score": -6120293.948241675,
  "objectives": {
    "net_electric": 4363.023150730589,
    "bootstrap": 0.8220296994386356,
    "TBR": 1.7843715207900086,
    "wall_load": 11.776079922498766,
    "capex_billion": 19.861892453206075,
    "R": 7.194261246085397,
    "B0": 5.6862338552087035
  },
  "feasible": true,
  "rank": 0,
  "crowding": Infinity
}