{
  "ok": true,
  "design": {
    "R": 7.447424055862382,
    "a": 1.8119783881111409,
    "kappa": 1.648623810735019,
    "B0": 5.151235289143912,
    "Ip": 20.126967797992485,
    "Ti": 33.79256524648164,
    "Te": 19.768714632530006,
    "H98": 0.9884410926417943,
    "fG": 0.8187203180973515,
    "frac_cap": 0.7480812016556846,
    "reconn_trigger": 0.6773805709978331,
    "conf_trigger": 0.7113957218724107,
    "lithium_thickness": 0.0013866517935587045,
    "lithium_velocity": 6.0,
    "liquid_wall_li6_enrich": 0.6000706190166001,
    "blanket_thickness": 0.955954103278967,
    "l1": "Li",
    "l1_li6": 0.6,
    "l1_pack": 1.0,
    "l2": "Li2TiO3",
    "l2_li6": 0.6,
    "l2_pack": 0.9754530495650773,
    "l3": "SiC",
    "l3_li6": 0.0,
    "l3_pack": 0.9361677324456755,
    "l4": "Be12Ti",
    "l4_li6": 0.0,
    "l4_pack": 0.9677623535928687,
    "split": [
      0.10658970851673283,
      0.279604085564168,
      0.26370336867148453,
      0.35010283724761465
    ],
    "li6_frac": 0.1929727892757282,
    "mult_frac": 0.3911518119957159,
    "cooling_eff": 0.31740774641913116,
    "coolant_outlet_K": 995.4284126958553,
    "mc_samples": 300000
  },
  "result": {
    "score": -6879403.917218607,
    "net_electric": 2456.8428037851027,
    "tct_control_strength": 1.0,
    "tct_precursor": 0.40000581209780506,
    "tct_upstream_factor": 1.0,
    "tct_risk_R": 1.0,
    "tct_risk_H": 9.686829675053203e-06,
    "tct_n_used": 1.0,
    "tct_B_used": 5.151235289143912,
    "tct_Te_used": 19.768714632530006,
    "TBR": 1.7861712391803792,
    "fail_rate": 0.0,
    "wall_load": 11.707575804734654,
    "raw_wall_load": 14.39982204943597,
    "lithium_wall_modifier": 1.229957618007696,
    "performance_boost": 1.0275949141609235,
    "bootstrap_boost": 1.0301189808866107,
    "wall_temp": 193.26584509356906,
    "bootstrap": 0.875601133753619,
    "blanket_model": "openmc_dataset",
    "blanket_attenuation": 0.6565465821989662,
    "blanket_front_heating_frac": 0.42,
    "capex_billion": 14.177577556537793,
    "annual_revenue_musd": 1259033.6632277137,
    "annual_cost_musd": 1275.9819800884015
  },
  "score": -6879526.749304205,
  "objectives": {
    "net_electric": 2456.8428037851027,
    "bootstrap": 0.875601133753619,
    "TBR": 1.7861712391803792,
    "wall_load": 11.707575804734654,
    "capex_billion": 14.177577556537793,
    "R": 7.447424055862382,
    "B0": 5.151235289143912
  },
  "feasible": true,
  "rank": 0,
  "crowding": Infinity
}