{
  "ok": true,
  "design": {
    "lithium_thickness": 0.006015656498465697,
    "li6_frac": 0.19391090840780867,
    "l3": "SiC",
    "Ti": 39.75740781148055,
    "l4_pack": 0.8654376645263793,
    "kappa": 1.5685635156248425,
    "l2_li6": 0.5329928810318892,
    "mc_samples": 300000,
    "l3_pack": 1.423113784202136,
    "blanket_thickness": 0.4,
    "l2": "Li2TiO3",
    "Ip": 20.2931612966467,
    "l1_li6": 0.56801235234039,
    "split": [
      0.41536200210409624,
      0.19720236915373693,
      0.29121078763354363,
      0.09622484110862317
    ],
    "cooling_eff": 0.5893089029546723,
    "Te": 11.115785286665009,
    "a": 2.424753061389103,
    "R": 7.26528689110277,
    "H98": 1.0117244476573817,
    "l4": "Be12Ti",
    "mult_frac": 0.1111886974701822,
    "fG": 0.6798874587445409,
    "B0": 7.327195417150813,
    "l1": "Pb",
    "l1_pack": 1.3076657089456956,
    "l3_li6": 0.14997707904070223,
    "reconn_trigger": 0.6770399645403298,
    "l2_pack": 0.8264653945415127,
    "conf_trigger": 0.8889023447356964,
    "lithium_velocity": 5.877953111878207,
    "coolant_outlet_K": 975.1845402672498,
    "liquid_wall_li6_enrich": 0.6311238499764705,
    "l4_li6": -0.3970834727632788,
    "frac_cap": 0.6292875226258923
  },
  "result": {
    "score": 1043662.2991667885,
    "net_electric": 2035.7034429601958,
    "tct_control_strength": 1.0,
    "tct_precursor": 0.4000082672163104,
    "tct_upstream_factor": 1.0,
    "tct_risk_R": 1.0,
    "tct_risk_H": 1.3778693850648418e-05,
    "tct_n_used": 1.0,
    "tct_B_used": 7.327195417150813,
    "tct_Te_used": 11.115785286665009,
    "TBR": 1.7513215326514087,
    "fail_rate": 0.0,
    "wall_load": 4.037500807173011,
    "raw_wall_load": 5.435139502292883,
    "lithium_wall_modifier": 1.3461643134874008,
    "performance_boost": 1.0415397176184882,
    "bootstrap_boost": 1.03461643134874,
    "wall_temp": 289.14545200274785,
    "bootstrap": 0.5417898303503964,
    "blanket_model": "openmc_dataset",
    "blanket_attenuation": 0.7975763627511979,
    "blanket_front_heating_frac": 0.42,
    "capex_billion": 13.382174278124888,
    "annual_revenue_musd": 1043216.5863793821,
    "annual_cost_musd": 1204.3956850312397
  },
  "score": 1043825.1079854199,
  "objectives": {
    "net_electric": 2035.7034429601958,
    "bootstrap": 0.5417898303503964,
    "TBR": 1.7513215326514087,
    "wall_load": 4.037500807173011,
    "capex_billion": 13.382174278124888,
    "R": 7.26528689110277,
    "B0": 7.327195417150813
  },
  "feasible": true,
  "rank": 0,
  "crowding": 0.8136350037871336
}