{
  "ok": true,
  "design": {
    "R": 5.450827441830802,
    "a": 1.8754083185614694,
    "kappa": 1.9777990034069772,
    "B0": 8.917118228573054,
    "Ip": 15.608255936089144,
    "Ti": 37.523926177544276,
    "Te": 23.3093559774101,
    "H98": 1.0837125014795974,
    "fG": 0.8106830505753488,
    "frac_cap": 0.6088034284431145,
    "reconn_trigger": 0.641869057584582,
    "conf_trigger": 0.6995605042369379,
    "lithium_thickness": 0.0016556570457714414,
    "lithium_velocity": 1.052936415231596,
    "liquid_wall_li6_enrich": 0.7590380231997486,
    "blanket_thickness": 0.8989206658722023,
    "l1": "Be",
    "l1_li6": 0.0,
    "l1_pack": 0.80853317732605,
    "l2": "B4C",
    "l2_li6": 0.0,
    "l2_pack": 0.8606442950640892,
    "l3": "W",
    "l3_li6": 0.0,
    "l3_pack": 1.0,
    "l4": "SiC",
    "l4_li6": 0.0,
    "l4_pack": 0.8761110677829165,
    "split": [
      0.12030968226656034,
      0.2547121262274983,
      0.2862864022595574,
      0.3386917892463838
    ],
    "li6_frac": 0.7212392269831789,
    "mult_frac": 0.12171469877276492,
    "cooling_eff": 0.41070822478115404,
    "coolant_outlet_K": 904.9211695470414,
    "mc_samples": 300000
  },
  "result": {
    "score": -132424.11304306303,
    "net_electric": 1503.5208828473956,
    "tct_control_strength": 1.0,
    "tct_precursor": 0.4000100611135727,
    "tct_upstream_factor": 1.0,
    "tct_risk_R": 1.0,
    "tct_risk_H": 1.6768522621076904e-05,
    "tct_n_used": 1.0,
    "tct_B_used": 8.917118228573054,
    "tct_Te_used": 23.3093559774101,
    "TBR": 1.7837106393253745,
    "fail_rate": 0.0,
    "wall_load": 8.235028657552471,
    "raw_wall_load": 9.270549869842336,
    "lithium_wall_modifier": 1.1257459148414952,
    "performance_boost": 1.0150895097809793,
    "bootstrap_boost": 1.0192155745186704,
    "wall_temp": 162.31408594055338,
    "bootstrap": 0.3344116293736685,
    "blanket_model": "openmc_dataset",
    "blanket_attenuation": 0.6697840518002298,
    "blanket_front_heating_frac": 0.42,
    "capex_billion": 11.969967449410715,
    "annual_revenue_musd": 770494.3116239764,
    "annual_cost_musd": 1077.2970704469644
  },
  "score": -132270.19863304702,
  "objectives": {
    "net_electric": 1503.5208828473956,
    "bootstrap": 0.3344116293736685,
    "TBR": 1.7837106393253745,
    "wall_load": 8.235028657552471,
    "capex_billion": 11.969967449410715,
    "R": 5.450827441830802,
    "B0": 8.917118228573054
  },
  "feasible": true,
  "rank": 0,
  "crowding": 1.0664240528940205
}