{
  "ok": true,
  "design": {
    "lithium_thickness": 0.009820840260349909,
    "li6_frac": 0.5229270649434443,
    "l3": "Li4SiO4",
    "Ti": 30.09806556685904,
    "kappa": 2.294913892449367,
    "l4_pack": 0.8089477424367465,
    "l2_li6": 0.6120221772597655,
    "mc_samples": 251664,
    "l3_pack": 0.9410848195547026,
    "blanket_thickness": 1.0948417882917447,
    "l2": "PbLi",
    "Ip": 20.3621913902338,
    "l1_li6": 0.44129355232304607,
    "split": [
      0.26383198885595766,
      0.16892515232810107,
      0.5100903255853355,
      0.057152533230605713
    ],
    "cooling_eff": 0.25901880829866,
    "Te": 16.065072493198475,
    "a": 2.183539970673207,
    "R": 8.106012482751648,
    "H98": 1.1676567130693283,
    "l4": "W",
    "mult_frac": 0.28470774257495746,
    "fG": 0.6817735607322758,
    "B0": 9.5,
    "l1": "Be12Ti",
    "l1_pack": 1.0094531372701598,
    "l3_li6": 0.4020524225605505,
    "reconn_trigger": 0.6603431172175683,
    "l2_pack": 0.8503792793115007,
    "conf_trigger": 1.253402236048511,
    "lithium_velocity": 5.319300004126399,
    "coolant_outlet_K": 1016.5125590477301,
    "liquid_wall_li6_enrich": 0.6557423937988021,
    "l4_li6": 0.012122807830014761,
    "frac_cap": 0.6842235527067706
  },
  "result": {
    "score": 275866.486529808,
    "net_electric": 570.6982848594124,
    "tct_control_strength": 0.5727201083291228,
    "tct_precursor": 0.4000107187744393,
    "tct_upstream_factor": 1.0,
    "tct_risk_R": 1.0,
    "tct_risk_H": 1.7864624065405313e-05,
    "tct_n_used": 1.0,
    "tct_B_used": 9.5,
    "tct_Te_used": 16.065072493198475,
    "TBR": 1.7915974390889369,
    "fail_rate": 0.0,
    "wall_load": 3.0794833101053247,
    "raw_wall_load": 4.23269555685649,
    "lithium_wall_modifier": 1.374482382472053,
    "performance_boost": 1.0449378858966463,
    "bootstrap_boost": 1.0374482382472052,
    "wall_temp": 360.037067535214,
    "bootstrap": 0.27978168874722575,
    "blanket_model": "openmc_dataset",
    "blanket_attenuation": 0.6253946915117765,
    "blanket_front_heating_frac": 0.42,
    "capex_billion": 8.42689398384261,
    "annual_revenue_musd": 292460.04305905453,
    "annual_cost_musd": 758.4204585458349
  },
  "score": 276043.4875139236,
  "objectives": {
    "net_electric": 570.6982848594124,
    "bootstrap": 0.27978168874722575,
    "TBR": 1.7915974390889369,
    "wall_load": 3.0794833101053247,
    "capex_billion": 8.42689398384261,
    "R": 8.106012482751648,
    "B0": 9.5
  },
  "feasible": true,
  "rank": 0,
  "crowding": Infinity
}