{
  "ok": true,
  "design": {
    "lithium_thickness": 0.012739682328136954,
    "li6_frac": -0.08356141303069975,
    "l3": "W_Ti_B4C_Cr_55_25_10_10_wt",
    "Ti": 36.57089863247904,
    "l4_pack": 1.0303558560266204,
    "l2_li6": 0.3284735094948996,
    "mc_samples": 294385,
    "l3_pack": 1.4612703531398,
    "blanket_thickness": 1.0560943541382295,
    "l2": "Li2TiO3",
    "Ip": 20.013910557109018,
    "l1_li6": 0.5639077908358443,
    "split": [
      0.2934380449303286,
      0.11484164730202964,
      0.401682051384194,
      0.19003825638344773
    ],
    "cooling_eff": 0.8338657069171864,
    "Te": 16.891199631058974,
    "a": 2.721768034992077,
    "R": 11.684668140284012,
    "H98": 1.0974372568465116,
    "liquid_wall_li6_enrich": 0.7244875042539989,
    "l4": "W_Ti_B4C_Cr_55_25_10_10_wt",
    "mult_frac": 0.2183942128513064,
    "fG": 0.6050252819621398,
    "B0": 5.922921321015336,
    "l1": "Li4SiO4",
    "l1_pack": 1.0689546269147425,
    "l3_li6": 0.6091875204610258,
    "reconn_trigger": 0.5723698030431982,
    "l2_pack": 1.0100362959052114,
    "conf_trigger": 0.8292133629498785,
    "lithium_velocity": 6.0,
    "coolant_outlet_K": 1221.0702179204934,
    "kappa": 2.1717266864898543,
    "l4_li6": -0.04406165525712025,
    "frac_cap": 0.4630917181413596
  },
  "result": {
    "score": -866586.2132937388,
    "net_electric": 688.1490732096504,
    "tct_control_strength": 1.0,
    "tct_precursor": 0.400006682785017,
    "tct_upstream_factor": 1.0,
    "tct_risk_R": 1.0,
    "tct_risk_H": 1.113797502830661e-05,
    "tct_n_used": 1.0,
    "tct_B_used": 5.922921321015336,
    "tct_Te_used": 16.891199631058974,
    "TBR": 1.7901561481532828,
    "fail_rate": 0.0,
    "wall_load": 1.142412051221401,
    "raw_wall_load": 1.592283619739129,
    "lithium_wall_modifier": 1.3937909863930016,
    "performance_boost": 1.0472549183671602,
    "bootstrap_boost": 1.0393790986393001,
    "wall_temp": 173.26150738566633,
    "bootstrap": 0.45475106688231104,
    "blanket_model": "openmc_dataset",
    "blanket_attenuation": 0.633933816616062,
    "blanket_front_heating_frac": 0.42,
    "capex_billion": 7.993003337049874,
    "annual_revenue_musd": 352648.8740570174,
    "annual_cost_musd": 719.3703003344888
  },
  "score": -866411.0245481866,
  "objectives": {
    "net_electric": 688.1490732096504,
    "bootstrap": 0.45475106688231104,
    "TBR": 1.7901561481532828,
    "wall_load": 1.142412051221401,
    "capex_billion": 7.993003337049874,
    "R": 11.684668140284012,
    "B0": 5.922921321015336
  },
  "feasible": true,
  "rank": 0,
  "crowding": Infinity
}