{
  "ok": true,
  "design": {
    "lithium_thickness": 0.007063881695312963,
    "li6_frac": 0.11652267608526332,
    "l3": "Pb",
    "Ti": 36.23027679648281,
    "l4_pack": 1.0470991204083682,
    "kappa": 2.4759119093592905,
    "l2_li6": 0.5992570542403727,
    "mc_samples": 300000,
    "l3_pack": 1.8681247854868395,
    "blanket_thickness": 1.58850692031071,
    "l2": "Li2TiO3",
    "Ip": 17.880311390217756,
    "l1_li6": 0.5202827629602472,
    "split": [
      0.26383198885595766,
      0.16892515232810107,
      0.5100903255853355,
      0.057152533230605713
    ],
    "cooling_eff": 0.645378457308744,
    "Te": 17.148202271675643,
    "a": 2.719359027020605,
    "R": 10.774846997816706,
    "H98": 1.284841900757504,
    "l4": "W_Ti_B4C_Cr_55_25_10_10_wt",
    "mult_frac": 0.24657173145521294,
    "fG": 0.7743073392233824,
    "B0": 8.06706433015331,
    "l1": "Li",
    "l1_pack": 1.6228386173312044,
    "l3_li6": 0.4320189045476288,
    "reconn_trigger": 0.6389809179655395,
    "l2_pack": 0.8583072532019651,
    "conf_trigger": 1.0202671085140167,
    "lithium_velocity": 5.071108288258,
    "coolant_outlet_K": 1198.592018242073,
    "liquid_wall_li6_enrich": 0.5845042400105457,
    "l4_li6": 0.30242444377392036,
    "frac_cap": 0.7188245464091378
  },
  "result": {
    "score": 593327.9936536917,
    "net_electric": 3219.765355769815,
    "tct_control_strength": 0.946845416864265,
    "tct_precursor": 0.4000091020045202,
    "tct_upstream_factor": 1.0,
    "tct_risk_R": 1.0,
    "tct_risk_H": 1.5170007533645224e-05,
    "tct_n_used": 1.0,
    "tct_B_used": 8.06706433015331,
    "tct_Te_used": 17.148202271675643,
    "TBR": 1.806484804621829,
    "fail_rate": 0.0,
    "wall_load": 4.094429262462397,
    "raw_wall_load": 5.52208799815743,
    "lithium_wall_modifier": 1.3486832093507548,
    "performance_boost": 1.0418419851220906,
    "bootstrap_boost": 1.0393267612884785,
    "wall_temp": 344.3162371412128,
    "bootstrap": 0.3164644480399514,
    "blanket_model": "openmc_dataset",
    "blanket_attenuation": 0.5261572700991847,
    "blanket_front_heating_frac": 0.42,
    "capex_billion": 17.584116772036253,
    "annual_revenue_musd": 1650000.9542177992,
    "annual_cost_musd": 1582.5705094832629
  },
  "score": 593509.2602402536,
  "objectives": {
    "net_electric": 3219.765355769815,
    "bootstrap": 0.3164644480399514,
    "TBR": 1.806484804621829,
    "wall_load": 4.094429262462397,
    "capex_billion": 17.584116772036253,
    "R": 10.774846997816706,
    "B0": 8.06706433015331
  },
  "feasible": true,
  "rank": 0,
  "crowding": 0.6908519733558406
}