{
  "ok": true,
  "design": {
    "lithium_thickness": 0.003817486393389774,
    "li6_frac": 0.3879728624159229,
    "l3": "TiB2",
    "Ti": 40.0,
    "l4_pack": 1.1027357870103691,
    "kappa": 2.6,
    "l2_li6": 0.7120415194815496,
    "mc_samples": 177471,
    "l3_pack": 0.9908103409576198,
    "blanket_thickness": 1.371885953039842,
    "l2": "PbLi",
    "Ip": 17.941164570662636,
    "l1_li6": 0.4882187093887405,
    "split": [
      0.26383198885595766,
      0.16892515232810107,
      0.5100903255853355,
      0.057152533230605713
    ],
    "cooling_eff": 0.2576863888684798,
    "Te": 23.84716780189844,
    "a": 2.785477449393647,
    "R": 8.778487726125082,
    "H98": 1.3674093217677137,
    "l4": "B4C",
    "mult_frac": 0.5393459800781946,
    "fG": 0.8343952793380709,
    "B0": 7.2951627785835536,
    "l1": "Li",
    "l1_pack": 1.4023258182284248,
    "l3_li6": 0.09500948299925538,
    "reconn_trigger": 0.5654063619674387,
    "l2_pack": 0.7497369564339939,
    "conf_trigger": 1.2514213763807007,
    "lithium_velocity": 4.261374726502135,
    "coolant_outlet_K": 1034.1494498400293,
    "liquid_wall_li6_enrich": 0.6395496578513046,
    "l4_li6": 0.008549847597324621,
    "frac_cap": 0.8366722759396089
  },
  "result": {
    "score": -2852460.0497891554,
    "net_electric": 3369.5084517705304,
    "tct_control_strength": 0.6335045573372217,
    "tct_precursor": 0.4000082310741391,
    "tct_upstream_factor": 1.0,
    "tct_risk_R": 1.0,
    "tct_risk_H": 1.3718456898456091e-05,
    "tct_n_used": 1.0,
    "tct_B_used": 7.2951627785835536,
    "tct_Te_used": 23.84716780189844,
    "TBR": 1.800620486785605,
    "fail_rate": 0.0,
    "wall_load": 9.917426400729047,
    "raw_wall_load": 12.667565982991762,
    "lithium_wall_modifier": 1.2773037551416109,
    "performance_boost": 1.0332764506169934,
    "bootstrap_boost": 1.0357940922744453,
    "wall_temp": 450.71000407413874,
    "bootstrap": 0.296881592269449,
    "blanket_model": "openmc_dataset",
    "blanket_attenuation": 0.567600314388762,
    "blanket_front_heating_frac": 0.42,
    "capex_billion": 17.635268218511467,
    "annual_revenue_musd": 1726738.301194326,
    "annual_cost_musd": 1587.1741396660323
  },
  "score": -2852433.693027729,
  "objectives": {
    "net_electric": 3369.5084517705304,
    "bootstrap": 0.296881592269449,
    "TBR": 1.800620486785605,
    "wall_load": 9.917426400729047,
    "capex_billion": 17.635268218511467,
    "R": 8.778487726125082,
    "B0": 7.2951627785835536
  },
  "feasible": true,
  "rank": 0,
  "crowding": 1.4752013429669244
}