{
  "ok": true,
  "design": {
    "lithium_thickness": 0.0005,
    "li6_frac": 0.3755164349265945,
    "l3": "Pb",
    "Ti": 30.99382754934949,
    "l4_pack": 0.9115453156872022,
    "l2_li6": 0.8932736598583636,
    "mc_samples": 297492,
    "l3_pack": 1.3935198682863428,
    "blanket_thickness": 0.9358209749843335,
    "l2": "Li2O",
    "Ip": 27.737081243307138,
    "l1_li6": 0.7640251126807677,
    "split": [
      0.41536200210409624,
      0.19720236915373693,
      0.29121078763354363,
      0.09622484110862317
    ],
    "cooling_eff": 0.5119846220475901,
    "Te": 20.3415583055794,
    "a": 2.4798774655413296,
    "R": 8.048709854068118,
    "H98": 1.2862150084572457,
    "liquid_wall_li6_enrich": 0.6187487614874565,
    "l4": "Be12Ti",
    "mult_frac": 0.4055293207974894,
    "fG": 1.0,
    "B0": 7.217998762806928,
    "l1": "Li",
    "l1_pack": 1.4788549408477145,
    "l3_li6": 0.3241947625770091,
    "reconn_trigger": 0.23191002612658712,
    "l2_pack": 0.5239158876621788,
    "conf_trigger": 1.2107285412717834,
    "lithium_velocity": 0.6000809579423014,
    "coolant_outlet_K": 1468.9791765144737,
    "kappa": 2.5904092293220917,
    "l4_li6": -0.3375460038477427,
    "frac_cap": 0.6204447845134246
  },
  "result": {
    "score": -4830549.518914306,
    "net_electric": 4522.986099772704,
    "tct_control_strength": 0.5803833551198645,
    "tct_precursor": 0.4000081440105938,
    "tct_upstream_factor": 0.8,
    "tct_risk_R": 1.0,
    "tct_risk_H": 1.3573350989695414e-05,
    "tct_n_used": 1.0,
    "tct_B_used": 7.217998762806928,
    "tct_Te_used": 20.3415583055794,
    "TBR": 1.7853198124220233,
    "fail_rate": 0.0,
    "wall_load": 11.379912141314595,
    "raw_wall_load": 12.082870121770261,
    "lithium_wall_modifier": 1.0617718284400095,
    "performance_boost": 1.0074126194128012,
    "bootstrap_boost": 1.024177182844001,
    "wall_temp": 67.73757226972972,
    "bootstrap": 0.4299405004480594,
    "blanket_model": "openmc_dataset",
    "blanket_attenuation": 0.6611893385994156,
    "blanket_front_heating_frac": 0.42,
    "capex_billion": 20.780374630749833,
    "annual_revenue_musd": 2317849.4566895193,
    "annual_cost_musd": 1870.233716767485
  },
  "score": -4830645.47747801,
  "objectives": {
    "net_electric": 4522.986099772704,
    "bootstrap": 0.4299405004480594,
    "TBR": 1.7853198124220233,
    "wall_load": 11.379912141314595,
    "capex_billion": 20.780374630749833,
    "R": 8.048709854068118,
    "B0": 7.217998762806928
  },
  "feasible": true,
  "rank": 0,
  "crowding": 1.5244069980217894
}