{
  "ok": true,
  "design": {
    "lithium_thickness": 0.009491699681337841,
    "li6_frac": 1.027058628329565,
    "l3": "Pb",
    "Ti": 31.09372396315128,
    "l4_pack": 0.8508351200361473,
    "l2_li6": 0.6619821017631959,
    "mc_samples": 295974,
    "l3_pack": 0.9048828492961856,
    "blanket_thickness": 0.40799646218064534,
    "l2": "Li2O",
    "Ip": 22.610871384594883,
    "l1_li6": 0.7158082481300405,
    "split": [
      0.2934380449303286,
      0.11484164730202964,
      0.401682051384194,
      0.19003825638344773
    ],
    "cooling_eff": 0.609469363789514,
    "Te": 19.07642846808884,
    "a": 2.4252422358651993,
    "R": 11.322393463281255,
    "H98": 1.5,
    "liquid_wall_li6_enrich": 0.4120820393416189,
    "l4": "W",
    "mult_frac": 0.9504831903462917,
    "fG": 0.8280651248149357,
    "B0": 7.663624938241226,
    "l1": "Li",
    "l1_pack": 0.9899564947827661,
    "l3_li6": 0.01240391459178003,
    "reconn_trigger": 0.7335181309870207,
    "l2_pack": 0.9452834381531707,
    "conf_trigger": 0.6662712230190799,
    "lithium_velocity": 3.3994540864452785,
    "coolant_outlet_K": 1462.3105190875372,
    "kappa": 1.8764510720213226,
    "l4_li6": 0.13766546216112496,
    "frac_cap": 0.5533854111246022
  },
  "result": {
    "score": 827904.5456195946,
    "net_electric": 1694.8222662169717,
    "tct_control_strength": 1.0,
    "tct_precursor": 0.40000864680706316,
    "tct_upstream_factor": 1.0,
    "tct_risk_R": 1.0,
    "tct_risk_H": 1.4411345105257317e-05,
    "tct_n_used": 1.0,
    "tct_B_used": 7.663624938241226,
    "tct_Te_used": 19.07642846808884,
    "TBR": 1.752113287267226,
    "fail_rate": 0.0,
    "wall_load": 2.5666168969028993,
    "raw_wall_load": 3.4372101543304034,
    "lithium_wall_modifier": 1.3391987555595215,
    "performance_boost": 1.0407038506671427,
    "bootstrap_boost": 1.0416037830448484,
    "wall_temp": 290.0185331243996,
    "bootstrap": 0.7405782306314436,
    "blanket_model": "openmc_dataset",
    "blanket_attenuation": 0.7953472573464245,
    "blanket_front_heating_frac": 0.42,
    "capex_billion": 12.556277697594412,
    "annual_revenue_musd": 868528.6185455493,
    "annual_cost_musd": 1130.064992783497
  },
  "score": 828067.5481296014,
  "objectives": {
    "net_electric": 1694.8222662169717,
    "bootstrap": 0.7405782306314436,
    "TBR": 1.752113287267226,
    "wall_load": 2.5666168969028993,
    "capex_billion": 12.556277697594412,
    "R": 11.322393463281255,
    "B0": 7.663624938241226
  },
  "feasible": true,
  "rank": 0,
  "crowding": Infinity
}