{
  "ok": true,
  "design": {
    "lithium_thickness": 0.008905236302749423,
    "li6_frac": 0.6605166660252002,
    "l3": "Pb",
    "Ti": 34.63455700512285,
    "l4_pack": 0.9933498293431787,
    "l2_li6": 0.7296856278473296,
    "mc_samples": 85483,
    "l3_pack": 1.035567026170285,
    "blanket_thickness": 0.8642375303444105,
    "l2": "Li2O",
    "Ip": 19.023822835754824,
    "l1_li6": 0.6930757139952304,
    "split": [
      0.24732076929279587,
      0.04922088240045713,
      0.30509159007605635,
      0.39836675823069073
    ],
    "cooling_eff": 0.5001723384697576,
    "Te": 20.071339600721423,
    "a": 2.676093307268277,
    "R": 4.948601708482071,
    "H98": 1.285001848567977,
    "liquid_wall_li6_enrich": 0.5335497142499689,
    "l4": "W",
    "mult_frac": 0.3195696236256371,
    "fG": 0.9117141503516071,
    "B0": 9.5,
    "l1": "Li",
    "l1_pack": 0.23560778919857683,
    "l3_li6": 0.28706594130694135,
    "reconn_trigger": 0.7068475856203632,
    "l2_pack": 0.98142970593343,
    "conf_trigger": 0.6273841104387725,
    "lithium_velocity": 2.505015766680965,
    "coolant_outlet_K": 376.74808645984905,
    "kappa": 2.6,
    "l4_li6": 0.07502365900619826,
    "frac_cap": 0.7488975409064731
  },
  "result": {
    "score": -94588.05175112699,
    "net_electric": 1858.2615595330342,
    "tct_control_strength": 1.0,
    "tct_precursor": 0.4000107187744393,
    "tct_upstream_factor": 1.0,
    "tct_risk_R": 1.0,
    "tct_risk_H": 1.7864624065405313e-05,
    "tct_n_used": 1.0,
    "tct_B_used": 9.5,
    "tct_Te_used": 20.071339600721423,
    "TBR": 1.7821367573085896,
    "fail_rate": 0.0,
    "wall_load": 6.577997757947866,
    "raw_wall_load": 8.646849362965556,
    "lithium_wall_modifier": 1.3145108407065051,
    "performance_boost": 1.0377413008847807,
    "bootstrap_boost": 1.044153933091747,
    "wall_temp": 697.3645765890673,
    "bootstrap": 0.059110821281791404,
    "blanket_model": "openmc_dataset",
    "blanket_attenuation": 0.6779641748706615,
    "blanket_front_heating_frac": 0.42,
    "capex_billion": 13.458356972346515,
    "annual_revenue_musd": 952284.7187982987,
    "annual_cost_musd": 1211.2521275111862
  },
  "score": -94415.54659278704,
  "objectives": {
    "net_electric": 1858.2615595330342,
    "bootstrap": 0.059110821281791404,
    "TBR": 1.7821367573085896,
    "wall_load": 6.577997757947866,
    "capex_billion": 13.458356972346515,
    "R": 4.948601708482071,
    "B0": 9.5
  },
  "feasible": true,
  "rank": 0,
  "crowding": Infinity
}