{
  "ok": true,
  "design": {
    "R": 7.265913306971818,
    "a": 2.289663613934392,
    "kappa": 2.052980003579198,
    "B0": 5.002974542399432,
    "Ip": 24.401896276778885,
    "Ti": 39.94479831386965,
    "Te": 17.581839184440085,
    "H98": 1.3797338490015933,
    "fG": 0.6446124922036862,
    "frac_cap": 0.6605276942457313,
    "reconn_trigger": 0.7872894399211008,
    "conf_trigger": 0.7443137908695641,
    "lithium_thickness": 0.001071734387109902,
    "lithium_velocity": 1.7277584205474152,
    "liquid_wall_li6_enrich": 0.751297218288312,
    "blanket_thickness": 0.8202377253531223,
    "l1": "Li",
    "l1_li6": 0.3,
    "l1_pack": 1.0,
    "l2": "Be",
    "l2_li6": 0.0,
    "l2_pack": 0.9899093989878084,
    "l3": "B4C",
    "l3_li6": 0.0,
    "l3_pack": 0.9458664527681997,
    "l4": "Li2O",
    "l4_li6": 0.6,
    "l4_pack": 0.6508992112701639,
    "split": [
      0.28701547556583307,
      0.327630095257433,
      0.22824397630477222,
      0.15711045287196174
    ],
    "li6_frac": 0.12432836320001257,
    "mult_frac": 0.5435686511984463,
    "cooling_eff": 0.3247572789924788,
    "coolant_outlet_K": 899.9784988231684,
    "mc_samples": 300000
  },
  "result": {
    "score": -4350530.192072655,
    "net_electric": 2799.1419246323203,
    "tct_control_strength": 1.0,
    "tct_precursor": 0.40000564481638373,
    "tct_upstream_factor": 1.0,
    "tct_risk_R": 1.0,
    "tct_risk_H": 9.408027306185162e-06,
    "tct_n_used": 1.0,
    "tct_B_used": 5.002974542399432,
    "tct_Te_used": 17.581839184440085,
    "TBR": 1.7800466241786879,
    "fail_rate": 0.0,
    "wall_load": 10.890796459076011,
    "raw_wall_load": 12.325200196303296,
    "lithium_wall_modifier": 1.1317078822120399,
    "performance_boost": 1.0158049458654448,
    "bootstrap_boost": 1.013170788221204,
    "wall_temp": 138.95286985960144,
    "bootstrap": 0.8611951699880234,
    "blanket_model": "openmc_dataset",
    "blanket_attenuation": 0.6884855834420485,
    "blanket_front_heating_frac": 0.42,
    "capex_billion": 15.209857872413325,
    "annual_revenue_musd": 1434448.2706970791,
    "annual_cost_musd": 1368.8872085171993
  },
  "score": -4350589.865721388,
  "objectives": {
    "net_electric": 2799.1419246323203,
    "bootstrap": 0.8611951699880234,
    "TBR": 1.7800466241786879,
    "wall_load": 10.890796459076011,
    "capex_billion": 15.209857872413325,
    "R": 7.265913306971818,
    "B0": 5.002974542399432
  },
  "feasible": true,
  "rank": 0,
  "crowding": 1.154782768526124
}