{
  "ok": true,
  "design": {
    "R": 8.265627177630194,
    "a": 1.978800918208371,
    "kappa": 1.851416024230691,
    "B0": 9.5,
    "Ip": 22.06893724293304,
    "Ti": 34.31241626955199,
    "Te": 10.51192723317961,
    "H98": 0.911261733930267,
    "fG": 0.8753569963732366,
    "frac_cap": 0.6701551920406484,
    "reconn_trigger": 0.6396416107751957,
    "conf_trigger": 0.7898858790740534,
    "lithium_thickness": 0.0011755997745959593,
    "lithium_velocity": 6.0,
    "liquid_wall_li6_enrich": 0.7407901983305505,
    "blanket_thickness": 1.185609671297477,
    "l1": "Li",
    "l1_li6": 0.9,
    "l1_pack": 1.0,
    "l2": "Be",
    "l2_li6": 0.0,
    "l2_pack": 0.9243913766646468,
    "l3": "W_Ti_B4C_60_30_10_wt",
    "l3_li6": 0.0,
    "l3_pack": 1.0,
    "l4": "Li4SiO4",
    "l4_li6": 0.3,
    "l4_pack": 0.6349899740451257,
    "split": [
      0.34462972495280036,
      0.16967629808243048,
      0.2910910634302684,
      0.19460291353450082
    ],
    "li6_frac": 0.5745911576002156,
    "mult_frac": 0.10649980572528603,
    "cooling_eff": 0.40979345946971585,
    "coolant_outlet_K": 878.2075450556671,
    "mc_samples": 300000
  },
  "result": {
    "score": -6841244.640238656,
    "net_electric": 3831.7452062209973,
    "tct_control_strength": 1.0,
    "tct_precursor": 0.4000107187744393,
    "tct_upstream_factor": 1.0,
    "tct_risk_R": 1.0,
    "tct_risk_H": 1.7864624065405313e-05,
    "tct_n_used": 1.0,
    "tct_B_used": 9.5,
    "tct_Te_used": 10.51192723317961,
    "TBR": 1.7947833245323368,
    "fail_rate": 0.0,
    "wall_load": 11.916164738912615,
    "raw_wall_load": 14.568250951348412,
    "lithium_wall_modifier": 1.2225620634276166,
    "performance_boost": 1.026707447611314,
    "bootstrap_boost": 1.0327776261251558,
    "wall_temp": 166.76953072754745,
    "bootstrap": 0.8778609822063824,
    "blanket_model": "openmc_dataset",
    "blanket_attenuation": 0.6058389537039551,
    "blanket_front_heating_frac": 0.42,
    "capex_billion": 19.749567458367185,
    "annual_revenue_musd": 1963616.1483800125,
    "annual_cost_musd": 1777.4610712530468
  },
  "score": -6841381.414983233,
  "objectives": {
    "net_electric": 3831.7452062209973,
    "bootstrap": 0.8778609822063824,
    "TBR": 1.7947833245323368,
    "wall_load": 11.916164738912615,
    "capex_billion": 19.749567458367185,
    "R": 8.265627177630194,
    "B0": 9.5
  },
  "feasible": true,
  "rank": 0,
  "crowding": Infinity
}