{
  "ok": true,
  "design": {
    "lithium_thickness": 0.007573559302213113,
    "li6_frac": 0.34814566626645727,
    "l3": "TiB2",
    "Ti": 40.0,
    "l4_pack": 0.9908723960973981,
    "kappa": 2.4167847131536364,
    "l2_li6": 0.6276514941721595,
    "mc_samples": 299358,
    "l3_pack": 0.971881157961709,
    "blanket_thickness": 1.042677068375418,
    "l2": "Pb",
    "Ip": 18.24779998918205,
    "l1_li6": 0.45612373927437677,
    "split": [
      0.24732076929279587,
      0.04922088240045713,
      0.30509159007605635,
      0.39836675823069073
    ],
    "cooling_eff": 0.452090298160147,
    "Te": 19.33703292502777,
    "a": 2.742101293456662,
    "R": 4.9173274788347126,
    "H98": 1.2758589000431086,
    "l4": "B4C",
    "mult_frac": 0.27362492045752546,
    "fG": 0.7848321096986122,
    "B0": 7.360806341921804,
    "l1": "W",
    "l1_pack": 1.5076923890272753,
    "l3_li6": -0.01578331782497738,
    "reconn_trigger": 0.6127409613504836,
    "l2_pack": 0.993378085850775,
    "conf_trigger": 0.24263552300779276,
    "lithium_velocity": 4.662345525979529,
    "coolant_outlet_K": 918.256135393058,
    "liquid_wall_li6_enrich": 0.42011026560369324,
    "l4_li6": 0.09459403663546363,
    "frac_cap": 0.7656298998055872
  },
  "result": {
    "score": 44300.14152623694,
    "net_electric": 2315.79906210992,
    "tct_control_strength": 1.0,
    "tct_precursor": 0.4000083051392495,
    "tct_upstream_factor": 0.65,
    "tct_risk_R": 1.0,
    "tct_risk_H": 1.3841898749124665e-05,
    "tct_n_used": 1.0,
    "tct_B_used": 7.360806341921804,
    "tct_Te_used": 19.33703292502777,
    "TBR": 1.7896447081848994,
    "fail_rate": 0.0,
    "wall_load": 7.0186289774857,
    "raw_wall_load": 9.459384517611385,
    "lithium_wall_modifier": 1.3477538915299727,
    "performance_boost": 1.0417304669835967,
    "bootstrap_boost": 1.0398653157349138,
    "wall_temp": 632.8095569192777,
    "bootstrap": 0.09713363913390073,
    "blanket_model": "openmc_dataset",
    "blanket_attenuation": 0.6369178025160771,
    "blanket_front_heating_frac": 0.42,
    "capex_billion": 14.197498032901706,
    "annual_revenue_musd": 1186754.3873688497,
    "annual_cost_musd": 1277.7748229611534
  },
  "score": 44475.119662301644,
  "objectives": {
    "net_electric": 2315.79906210992,
    "bootstrap": 0.09713363913390073,
    "TBR": 1.7896447081848994,
    "wall_load": 7.0186289774857,
    "capex_billion": 14.197498032901706,
    "R": 4.9173274788347126,
    "B0": 7.360806341921804
  },
  "feasible": true,
  "rank": 0,
  "crowding": 0.8928069114019532
}