{
  "ok": true,
  "design": {
    "lithium_thickness": 0.012739682328136954,
    "li6_frac": -0.08356141303069975,
    "l3": "W_Ti_B4C_Cr_55_25_10_10_wt",
    "Ti": 36.57089863247904,
    "l4_pack": 1.1648865361113574,
    "kappa": 1.622796091731809,
    "l2_li6": 0.3284735094948996,
    "mc_samples": 294385,
    "l3_pack": 2.3656345662245357,
    "blanket_thickness": 1.1153084851047432,
    "l2": "Li2TiO3",
    "Ip": 23.664319314449408,
    "l1_li6": 0.7242263968946071,
    "split": [
      0.2934380449303286,
      0.11484164730202964,
      0.401682051384194,
      0.19003825638344773
    ],
    "cooling_eff": 0.8338657069171864,
    "Te": 19.430940958650794,
    "a": 2.721768034992077,
    "R": 11.684668140284012,
    "H98": 1.0974372568465116,
    "l4": "W_Ti_B4C_Cr_55_25_10_10_wt",
    "mult_frac": 0.2183942128513064,
    "fG": 0.6050252819621398,
    "B0": 4.749069982693022,
    "l1": "Li4SiO4",
    "l1_pack": 1.0689546269147425,
    "l3_li6": 0.2703022041364838,
    "reconn_trigger": 0.5723698030431982,
    "l2_pack": 1.0100362959052114,
    "conf_trigger": 0.8292133629498785,
    "lithium_velocity": 6.0,
    "coolant_outlet_K": 1221.0702179204934,
    "liquid_wall_li6_enrich": 0.7244875042539989,
    "l4_li6": 0.2620704236730426,
    "frac_cap": 0.48505492603651973
  },
  "result": {
    "score": -716210.1504192214,
    "net_electric": 944.7056135677244,
    "tct_control_strength": 1.0,
    "tct_precursor": 0.40000535833788853,
    "tct_upstream_factor": 1.0,
    "tct_risk_R": 1.0,
    "tct_risk_H": 8.930563147485449e-06,
    "tct_n_used": 1.0,
    "tct_B_used": 4.749069982693022,
    "tct_Te_used": 19.430940958650794,
    "TBR": 1.7923382845534093,
    "fail_rate": 0.0,
    "wall_load": 1.309343196507849,
    "raw_wall_load": 1.8249507453876406,
    "lithium_wall_modifier": 1.3937909863930016,
    "performance_boost": 1.0472549183671602,
    "bootstrap_boost": 1.0393790986393001,
    "wall_temp": 198.57876645258807,
    "bootstrap": 0.8834722338434051,
    "blanket_model": "openmc_dataset",
    "blanket_attenuation": 0.6209307816219299,
    "blanket_front_heating_frac": 0.42,
    "capex_billion": 8.86160934116802,
    "annual_revenue_musd": 484123.838728916,
    "annual_cost_musd": 797.5448407051217
  },
  "score": -716034.2568164231,
  "objectives": {
    "net_electric": 944.7056135677244,
    "bootstrap": 0.8834722338434051,
    "TBR": 1.7923382845534093,
    "wall_load": 1.309343196507849,
    "capex_billion": 8.86160934116802,
    "R": 11.684668140284012,
    "B0": 4.749069982693022
  },
  "feasible": true,
  "rank": 0,
  "crowding": Infinity
}