{
  "ok": true,
  "design": {
    "lithium_thickness": 0.013431780154174153,
    "li6_frac": 0.5414538002191628,
    "l3": "Li2TiO3",
    "Ti": 33.32246593701471,
    "l4_pack": 1.184234154856597,
    "kappa": 2.0664868813098862,
    "l2_li6": 1.038913372318072,
    "mc_samples": 300000,
    "l3_pack": 1.8829952684165003,
    "blanket_thickness": 1.4171872671092427,
    "l2": "Li2TiO3",
    "Ip": 19.826907768727267,
    "l1_li6": 0.22805319766150506,
    "split": [
      0.41536200210409624,
      0.19720236915373693,
      0.29121078763354363,
      0.09622484110862317
    ],
    "cooling_eff": 0.6173107366324528,
    "Te": 17.90707964211768,
    "a": 2.770798368146478,
    "R": 12.0,
    "H98": 1.0497937415554521,
    "l4": "Pb",
    "mult_frac": 0.3920886664890192,
    "fG": 0.8040110916682346,
    "B0": 4.325512875544491,
    "l1": "W",
    "l1_pack": 0.9866489265261422,
    "l3_li6": 0.1351058114597799,
    "reconn_trigger": 0.8216648323721358,
    "l2_pack": 1.1044516079681788,
    "conf_trigger": 1.3412675473468785,
    "lithium_velocity": 4.795059992270847,
    "coolant_outlet_K": 833.3909982834512,
    "liquid_wall_li6_enrich": 1.2018051802209615,
    "l4_li6": -0.1548813603654714,
    "frac_cap": 0.5193559555129652
  },
  "result": {
    "score": -684766.5254777075,
    "net_electric": 980.2629151173019,
    "tct_control_strength": 0.34321446460596894,
    "tct_precursor": 0.4000048804417734,
    "tct_upstream_factor": 1.0,
    "tct_risk_R": 1.0,
    "tct_risk_H": 8.134069622281333e-06,
    "tct_n_used": 1.0,
    "tct_B_used": 4.325512875544491,
    "tct_Te_used": 17.90707964211768,
    "TBR": 1.801919993387092,
    "fail_rate": 0.0,
    "wall_load": 1.5614523050041806,
    "raw_wall_load": 2.1510283292305257,
    "lithium_wall_modifier": 1.3775818334872332,
    "performance_boost": 1.045309820018468,
    "bootstrap_boost": 1.0439988488488174,
    "wall_temp": 249.67957240529333,
    "bootstrap": 0.8873990215214947,
    "blanket_model": "openmc_dataset",
    "blanket_attenuation": 0.5586717208792252,
    "blanket_front_heating_frac": 0.42,
    "capex_billion": 8.948208056423338,
    "annual_revenue_musd": 502345.5334810125,
    "annual_cost_musd": 805.3387250781004
  },
  "score": -684586.2745403877,
  "objectives": {
    "net_electric": 980.2629151173019,
    "bootstrap": 0.8873990215214947,
    "TBR": 1.801919993387092,
    "wall_load": 1.5614523050041806,
    "capex_billion": 8.948208056423338,
    "R": 12.0,
    "B0": 4.325512875544491
  },
  "feasible": true,
  "rank": 0,
  "crowding": Infinity
}