{
  "ok": true,
  "design": {
    "lithium_thickness": 0.00745687578378433,
    "li6_frac": 0.08227435398889821,
    "l3": "Pb",
    "Ti": 32.529133460840015,
    "l4_pack": 0.9933276451214603,
    "l2_li6": 0.3574619891541462,
    "mc_samples": 202758,
    "l3_pack": 1.562901008912824,
    "blanket_thickness": 0.47517653260368564,
    "l2": "Li2O",
    "Ip": 22.715095219493012,
    "l1_li6": 0.5970382032188492,
    "split": [
      0.24732076929279587,
      0.04922088240045713,
      0.30509159007605635,
      0.39836675823069073
    ],
    "cooling_eff": 1.0125378948427566,
    "Te": 19.928315265056163,
    "a": 2.2384137912593327,
    "R": 4.0,
    "H98": 1.1247340487014366,
    "liquid_wall_li6_enrich": 0.4013277018846937,
    "l4": "W",
    "mult_frac": 0.278277072901605,
    "fG": 0.8866121220136611,
    "B0": 4.458701515661186,
    "l1": "Li",
    "l1_pack": 1.8030140664078915,
    "l3_li6": 0.23673080285085268,
    "reconn_trigger": 0.7130090872118332,
    "l2_pack": 1.0918842835542824,
    "conf_trigger": 0.33692933916848244,
    "lithium_velocity": 3.012772021537353,
    "coolant_outlet_K": 1308.7529055600926,
    "kappa": 2.3156731899823177,
    "l4_li6": 0.13260396746662767,
    "frac_cap": 0.7487796804361543
  },
  "result": {
    "score": -3424794.10297659,
    "net_electric": 2494.988149251177,
    "tct_control_strength": 0.0,
    "tct_precursor": 0.4000050307174567,
    "tct_upstream_factor": 0.65,
    "tct_risk_R": 1.0,
    "tct_risk_H": 8.384529094435788e-06,
    "tct_n_used": 1.0,
    "tct_B_used": 4.458701515661186,
    "tct_Te_used": 19.928315265056163,
    "TBR": 1.7582103767726125,
    "fail_rate": 0.0,
    "wall_load": 10.458396206556321,
    "raw_wall_load": 13.749713794549912,
    "lithium_wall_modifier": 1.3147057658735744,
    "performance_boost": 1.037764691904829,
    "bootstrap_boost": 1.0426673039081773,
    "wall_temp": 928.4162072606157,
    "bootstrap": 0.4756725151263832,
    "blanket_model": "openmc_dataset",
    "blanket_attenuation": 0.7768643833491498,
    "blanket_front_heating_frac": 0.42,
    "capex_billion": 13.968227577158766,
    "annual_revenue_musd": 1278581.6269652585,
    "annual_cost_musd": 1257.140481944289
  },
  "score": -3424825.003515023,
  "objectives": {
    "net_electric": 2494.988149251177,
    "bootstrap": 0.4756725151263832,
    "TBR": 1.7582103767726125,
    "wall_load": 10.458396206556321,
    "capex_billion": 13.968227577158766,
    "R": 4.0,
    "B0": 4.458701515661186
  },
  "feasible": true,
  "rank": 0,
  "crowding": 1.0797843502946667
}