{
  "ok": true,
  "design": {
    "R": 5.817072185812593,
    "a": 2.739512907641167,
    "kappa": 2.0665461759381247,
    "B0": 9.5,
    "Ip": 23.375490023707368,
    "Ti": 36.075906699337175,
    "Te": 18.350521768175152,
    "H98": 1.2819551072861906,
    "fG": 0.828077239625768,
    "frac_cap": 0.6060224657091031,
    "reconn_trigger": 0.6253080481582974,
    "conf_trigger": 0.7515571151363623,
    "lithium_thickness": 0.0029557412051771847,
    "lithium_velocity": 1.9321451266759664,
    "liquid_wall_li6_enrich": 0.6212561557244582,
    "blanket_thickness": 0.9970250051630123,
    "l1": "Li4SiO4",
    "l1_li6": 0.3,
    "l1_pack": 0.7465708207734459,
    "l2": "W_Ti_B4C_Cr_55_25_10_10_wt",
    "l2_li6": 0.0,
    "l2_pack": 1.0,
    "l3": "W_Ti_B4C_60_30_10_wt",
    "l3_li6": 0.0,
    "l3_pack": 1.0,
    "l4": "Li",
    "l4_li6": 0.9,
    "l4_pack": 1.0,
    "split": [
      0.31785036373472686,
      0.26435345022911205,
      0.11348940954333497,
      0.30430677649282606
    ],
    "li6_frac": 0.23766844939242587,
    "mult_frac": 0.358271302602792,
    "cooling_eff": 0.46426971128519634,
    "coolant_outlet_K": 886.002522778339,
    "mc_samples": 300000
  },
  "result": {
    "score": -224000.18401032448,
    "net_electric": 1633.5518288425903,
    "tct_control_strength": 1.0,
    "tct_precursor": 0.4000107187744393,
    "tct_upstream_factor": 1.0,
    "tct_risk_R": 1.0,
    "tct_risk_H": 1.7864624065405313e-05,
    "tct_n_used": 1.0,
    "tct_B_used": 9.5,
    "tct_Te_used": 18.350521768175152,
    "TBR": 1.7878538738794276,
    "fail_rate": 0.0,
    "wall_load": 5.13135501823965,
    "raw_wall_load": 6.15707398491295,
    "lithium_wall_modifier": 1.1998924188693498,
    "performance_boost": 1.023987090264322,
    "bootstrap_boost": 1.027673876264481,
    "wall_temp": 180.55901745004354,
    "bootstrap": 0.10138247637964505,
    "blanket_model": "openmc_dataset",
    "blanket_attenuation": 0.6471763551027387,
    "blanket_front_heating_frac": 0.42,
    "capex_billion": 12.705184782757966,
    "annual_revenue_musd": 837129.9702086739,
    "annual_cost_musd": 1143.4666304482168
  },
  "score": -223825.8683063675,
  "objectives": {
    "net_electric": 1633.5518288425903,
    "bootstrap": 0.10138247637964505,
    "TBR": 1.7878538738794276,
    "wall_load": 5.13135501823965,
    "capex_billion": 12.705184782757966,
    "R": 5.817072185812593,
    "B0": 9.5
  },
  "feasible": true,
  "rank": 0,
  "crowding": Infinity
}