{
  "ok": true,
  "design": {
    "R": 7.853542851386033,
    "a": 2.369976310055817,
    "kappa": 2.306880581190266,
    "B0": 7.8135900965499925,
    "Ip": 23.823803167451498,
    "Ti": 32.2736994503557,
    "Te": 10.453003289580542,
    "H98": 1.0468421854077137,
    "fG": 0.8339457512050653,
    "frac_cap": 0.8311815842351831,
    "reconn_trigger": 0.6499460980531796,
    "conf_trigger": 0.5876958598759573,
    "lithium_thickness": 0.0008664459348124694,
    "lithium_velocity": 3.079158437674661,
    "liquid_wall_li6_enrich": 0.7581603399282701,
    "blanket_thickness": 1.4437839986314849,
    "l1": "W",
    "l1_li6": 0.0,
    "l1_pack": 1.0,
    "l2": "Li",
    "l2_li6": 0.6,
    "l2_pack": 1.0,
    "l3": "SiC",
    "l3_li6": 0.0,
    "l3_pack": 0.892205925269466,
    "l4": "Li2TiO3",
    "l4_li6": 0.9,
    "l4_pack": 0.7003732053537681,
    "split": [
      0.22862020250652593,
      0.2577694989081524,
      0.18659866785053703,
      0.32701163073478473
    ],
    "li6_frac": 0.46120341050757396,
    "mult_frac": 0.4707427242544686,
    "cooling_eff": 0.31892701676996443,
    "coolant_outlet_K": 765.9844774500723,
    "mc_samples": 300000
  },
  "result": {
    "score": -6148963.184352848,
    "net_electric": 2856.341104249658,
    "tct_control_strength": 1.0,
    "tct_precursor": 0.4000088160115585,
    "tct_upstream_factor": 1.0,
    "tct_risk_R": 1.0,
    "tct_risk_H": 1.4693352597477855e-05,
    "tct_n_used": 1.0,
    "tct_B_used": 7.8135900965499925,
    "tct_Te_used": 10.453003289580542,
    "TBR": 1.8026637258009495,
    "fail_rate": 0.0,
    "wall_load": 11.536503343499692,
    "raw_wall_load": 13.400778703839888,
    "lithium_wall_modifier": 1.1615979560557776,
    "performance_boost": 1.0193917547266933,
    "bootstrap_boost": 1.0241965406778817,
    "wall_temp": 118.9971002848306,
    "bootstrap": 0.5103404052970704,
    "blanket_model": "openmc_dataset",
    "blanket_attenuation": 0.5534952571183258,
    "blanket_front_heating_frac": 0.42,
    "capex_billion": 16.220346807360286,
    "annual_revenue_musd": 1463760.56228378,
    "annual_cost_musd": 1459.831212662426
  },
  "score": -6149067.204202579,
  "objectives": {
    "net_electric": 2856.341104249658,
    "bootstrap": 0.5103404052970704,
    "TBR": 1.8026637258009495,
    "wall_load": 11.536503343499692,
    "capex_billion": 16.220346807360286,
    "R": 7.853542851386033,
    "B0": 7.8135900965499925
  },
  "feasible": true,
  "rank": 0,
  "crowding": Infinity
}