{
  "ok": true,
  "design": {
    "R": 6.553102060352286,
    "a": 2.8,
    "kappa": 1.6126033182227972,
    "B0": 9.5,
    "Ip": 21.814025785766187,
    "Ti": 33.80343643089091,
    "Te": 18.768544215731584,
    "H98": 0.9119351319764168,
    "fG": 0.6854829784541241,
    "frac_cap": 0.7303839741363818,
    "reconn_trigger": 0.5624796433068772,
    "conf_trigger": 0.7985417791346333,
    "lithium_thickness": 0.0012292878582279118,
    "lithium_velocity": 5.5968977573933145,
    "liquid_wall_li6_enrich": 0.694646033027345,
    "blanket_thickness": 1.4098504294349388,
    "l1": "Li4SiO4",
    "l1_li6": 0.3,
    "l1_pack": 0.7207058453527686,
    "l2": "Be12Ti",
    "l2_li6": 0.0,
    "l2_pack": 0.9990427079963429,
    "l3": "Be12Ti",
    "l3_li6": 0.0,
    "l3_pack": 0.7001464427390299,
    "l4": "Li2TiO3",
    "l4_li6": 0.9,
    "l4_pack": 0.7816155847930439,
    "split": [
      0.31514826222037867,
      0.3999820434579088,
      0.15575868053971154,
      0.1291110137820011
    ],
    "li6_frac": 0.24989711019628982,
    "mult_frac": 0.1144355480682989,
    "cooling_eff": 0.4306890310564645,
    "coolant_outlet_K": 827.0659528204703,
    "mc_samples": 300000
  },
  "result": {
    "score": -815770.8510236735,
    "net_electric": 600.4652792600508,
    "tct_control_strength": 1.0,
    "tct_precursor": 0.4000107187744393,
    "tct_upstream_factor": 1.0,
    "tct_risk_R": 1.0,
    "tct_risk_H": 1.7864624065405313e-05,
    "tct_n_used": 1.0,
    "tct_B_used": 9.5,
    "tct_Te_used": 18.768544215731584,
    "TBR": 1.8017123740958985,
    "fail_rate": 0.0,
    "wall_load": 2.4613008434207067,
    "raw_wall_load": 3.000245208525101,
    "lithium_wall_modifier": 1.2189672857525906,
    "performance_boost": 1.026276074290311,
    "bootstrap_boost": 1.0218967285752592,
    "wall_temp": 36.01961002694278,
    "bootstrap": 0.1497157363285548,
    "blanket_model": "openmc_dataset",
    "blanket_attenuation": 0.5601081737238816,
    "blanket_front_heating_frac": 0.42,
    "capex_billion": 8.484407629859806,
    "annual_revenue_musd": 307714.4370096056,
    "annual_cost_musd": 763.5966866873825
  },
  "score": -815592.1302022407,
  "objectives": {
    "net_electric": 600.4652792600508,
    "bootstrap": 0.1497157363285548,
    "TBR": 1.8017123740958985,
    "wall_load": 2.4613008434207067,
    "capex_billion": 8.484407629859806,
    "R": 6.553102060352286,
    "B0": 9.5
  },
  "feasible": true,
  "rank": 0,
  "crowding": Infinity
}