{
  "ok": true,
  "design": {
    "R": 5.029164685780694,
    "a": 2.406015521151201,
    "kappa": 2.0681282412588002,
    "B0": 9.5,
    "Ip": 17.111079834062643,
    "Ti": 31.960527352100282,
    "Te": 10.428611598239202,
    "H98": 1.139642749132182,
    "fG": 0.8502267239259571,
    "frac_cap": 0.8081232763419629,
    "reconn_trigger": 0.7512075569107621,
    "conf_trigger": 0.6943860008507088,
    "lithium_thickness": 0.001342255167797626,
    "lithium_velocity": 5.228824696096629,
    "liquid_wall_li6_enrich": 0.6088308173508642,
    "blanket_thickness": 0.5017963199172281,
    "l1": "W",
    "l1_li6": 0.0,
    "l1_pack": 1.0,
    "l2": "Li2TiO3",
    "l2_li6": 0.6,
    "l2_pack": 0.6565035579832181,
    "l3": "W",
    "l3_li6": 0.0,
    "l3_pack": 1.0,
    "l4": "Pb",
    "l4_li6": 0.0,
    "l4_pack": 1.0,
    "split": [
      0.0049001815902709675,
      0.5401420619695904,
      0.26892451743061735,
      0.18603323900952123
    ],
    "li6_frac": 0.6132852883233167,
    "mult_frac": 0.24729283224576243,
    "cooling_eff": 0.4332793290674953,
    "coolant_outlet_K": 811.9847130363219,
    "mc_samples": 300000
  },
  "result": {
    "score": 483147.6155232056,
    "net_electric": 943.0287115466724,
    "tct_control_strength": 1.0,
    "tct_precursor": 0.4000107187744393,
    "tct_upstream_factor": 1.0,
    "tct_risk_R": 1.0,
    "tct_risk_H": 1.7864624065405313e-05,
    "tct_n_used": 1.0,
    "tct_B_used": 9.5,
    "tct_Te_used": 10.428611598239202,
    "TBR": 1.7603906852055284,
    "fail_rate": 0.0,
    "wall_load": 4.5927697534909,
    "raw_wall_load": 5.592221140287809,
    "lithium_wall_modifier": 1.217614084842211,
    "performance_boost": 1.0261136901810652,
    "bootstrap_boost": 1.0307750119197785,
    "wall_temp": 73.3889159062832,
    "bootstrap": 0.11328736586053041,
    "blanket_model": "openmc_dataset",
    "blanket_attenuation": 0.7696600091431909,
    "blanket_front_heating_frac": 0.42,
    "capex_billion": 9.962920376896637,
    "annual_revenue_musd": 483264.4935192078,
    "annual_cost_musd": 896.6628339206973
  },
  "score": 483313.1581016949,
  "objectives": {
    "net_electric": 943.0287115466724,
    "bootstrap": 0.11328736586053041,
    "TBR": 1.7603906852055284,
    "wall_load": 4.5927697534909,
    "capex_billion": 9.962920376896637,
    "R": 5.029164685780694,
    "B0": 9.5
  },
  "feasible": true,
  "rank": 0,
  "crowding": Infinity
}