{
  "ok": true,
  "design": {
    "lithium_thickness": 0.0024277275108584373,
    "li6_frac": -0.08356141303069975,
    "l3": "W_Ti_B4C_Cr_55_25_10_10_wt",
    "Ti": 36.57089863247904,
    "l4_pack": 1.4601253743078915,
    "kappa": 2.1717266864898543,
    "l2_li6": 0.2964621068466843,
    "mc_samples": 294385,
    "l3_pack": 1.4612703531398,
    "blanket_thickness": 1.3838208505127798,
    "l2": "Li2TiO3",
    "Ip": 16.799723350667527,
    "l1_li6": 0.23466920540864072,
    "split": [
      0.2934380449303286,
      0.11484164730202964,
      0.401682051384194,
      0.19003825638344773
    ],
    "cooling_eff": 0.9375867670868767,
    "Te": 11.738564422028295,
    "a": 2.3870584791262406,
    "R": 11.684668140284012,
    "H98": 1.4083393158060333,
    "l4": "W_Ti_B4C_Cr_55_25_10_10_wt",
    "mult_frac": 0.0020918403762834326,
    "fG": 0.6050252819621398,
    "B0": 6.547250191837845,
    "l1": "Li4SiO4",
    "l1_pack": 1.2464638112975424,
    "l3_li6": 0.6091875204610258,
    "reconn_trigger": 1.2151937515263702,
    "l2_pack": 0.979880382513298,
    "conf_trigger": 1.132364372290063,
    "lithium_velocity": 4.744601069556504,
    "coolant_outlet_K": 475.97268620706495,
    "liquid_wall_li6_enrich": 0.6887278363485735,
    "l4_li6": 0.4208536093400246,
    "frac_cap": 0.4630917181413596
  },
  "result": {
    "score": 263405.6059662821,
    "net_electric": 791.0364806361148,
    "tct_control_strength": 0.0,
    "tct_precursor": 0.4000073872103162,
    "tct_upstream_factor": 1.0,
    "tct_risk_R": 1.0,
    "tct_risk_H": 1.2312017193614308e-05,
    "tct_n_used": 1.0,
    "tct_B_used": 6.547250191837845,
    "tct_Te_used": 11.738564422028295,
    "TBR": 1.8009669664920755,
    "fail_rate": 0.0,
    "wall_load": 1.3345847843324614,
    "raw_wall_load": 1.663125147281704,
    "lithium_wall_modifier": 1.2461742159855158,
    "performance_boost": 1.0295409059182619,
    "bootstrap_boost": 1.0246174215985515,
    "wall_temp": 38.5715261487737,
    "bootstrap": 0.4565095465536359,
    "blanket_model": "openmc_dataset",
    "blanket_attenuation": 0.5652342715178039,
    "blanket_front_heating_frac": 0.42,
    "capex_billion": 8.639220488836328,
    "annual_revenue_musd": 405374.5548667834,
    "annual_cost_musd": 777.5298439952696
  },
  "score": 263584.8944238119,
  "objectives": {
    "net_electric": 791.0364806361148,
    "bootstrap": 0.4565095465536359,
    "TBR": 1.8009669664920755,
    "wall_load": 1.3345847843324614,
    "capex_billion": 8.639220488836328,
    "R": 11.684668140284012,
    "B0": 6.547250191837845
  },
  "feasible": true,
  "rank": 0,
  "crowding": Infinity
}