{
  "ok": true,
  "design": {
    "R": 8.29986179451479,
    "a": 1.9109750736951652,
    "kappa": 1.6845685724650619,
    "B0": 9.5,
    "Ip": 27.19426326920692,
    "Ti": 35.66425800567616,
    "Te": 23.753723363897947,
    "H98": 0.9595538076555661,
    "fG": 0.649068067681494,
    "frac_cap": 0.5624880143719811,
    "reconn_trigger": 0.7146570197421567,
    "conf_trigger": 0.7319694944725968,
    "lithium_thickness": 0.0006292426254408155,
    "lithium_velocity": 4.941566647069096,
    "liquid_wall_li6_enrich": 0.8060050520773187,
    "blanket_thickness": 0.8304129188878338,
    "l1": "B4C",
    "l1_li6": 0.0,
    "l1_pack": 0.765836977979486,
    "l2": "W_Ti_B4C_Cr_55_25_10_10_wt",
    "l2_li6": 0.0,
    "l2_pack": 1.0,
    "l3": "TiB2",
    "l3_li6": 0.0,
    "l3_pack": 0.794114362264412,
    "l4": "Li2O",
    "l4_li6": 0.9,
    "l4_pack": 0.6988165921855458,
    "split": [
      0.31994920173548974,
      0.28812485991740006,
      0.2666480842544471,
      0.12527785409266315
    ],
    "li6_frac": 0.4839894703016634,
    "mult_frac": 0.3188844171451447,
    "cooling_eff": 0.4741293782483513,
    "coolant_outlet_K": 933.2801956723846,
    "mc_samples": 300000
  },
  "result": {
    "score": 277301.4975471957,
    "net_electric": 2919.7315035643323,
    "tct_control_strength": 1.0,
    "tct_precursor": 0.4000107187744393,
    "tct_upstream_factor": 1.0,
    "tct_risk_R": 1.0,
    "tct_risk_H": 1.7864624065405313e-05,
    "tct_n_used": 1.0,
    "tct_B_used": 9.5,
    "tct_Te_used": 23.753723363897947,
    "TBR": 1.780539777572455,
    "fail_rate": 0.0,
    "wall_load": 8.515869940431728,
    "raw_wall_load": 10.115350725128808,
    "lithium_wall_modifier": 1.1878235336947844,
    "performance_boost": 1.0225388240433742,
    "bootstrap_boost": 1.0187823533694784,
    "wall_temp": 63.792242371783104,
    "bootstrap": 0.8659650003640567,
    "blanket_model": "openmc_dataset",
    "blanket_attenuation": 0.6860380283694693,
    "blanket_front_heating_frac": 0.42,
    "capex_billion": 17.089301360667775,
    "annual_revenue_musd": 1496245.606316578,
    "annual_cost_musd": 1538.0371224600997
  },
  "score": 277432.0484523965,
  "objectives": {
    "net_electric": 2919.7315035643323,
    "bootstrap": 0.8659650003640567,
    "TBR": 1.780539777572455,
    "wall_load": 8.515869940431728,
    "capex_billion": 17.089301360667775,
    "R": 8.29986179451479,
    "B0": 9.5
  },
  "feasible": true,
  "rank": 0,
  "crowding": Infinity
}