{
  "ok": true,
  "design": {
    "lithium_thickness": 0.0005,
    "li6_frac": 0.48253881458887005,
    "l3": "W_Ti_B4C_Cr_55_25_10_10_wt",
    "Ti": 36.41096757156627,
    "l4_pack": 1.1055274667287378,
    "l2_li6": 0.8848843915238268,
    "mc_samples": 300000,
    "l3_pack": 0.6768399124327997,
    "blanket_thickness": 1.422505377786738,
    "l2": "Li2O",
    "Ip": 17.802407401963954,
    "l1_li6": 0.17151938752542162,
    "split": [
      0.2934380449303286,
      0.11484164730202964,
      0.401682051384194,
      0.19003825638344773
    ],
    "cooling_eff": 0.4394123362660839,
    "Te": 21.305246928948915,
    "a": 2.748917148916317,
    "R": 6.013180120789482,
    "H98": 1.2844190231765644,
    "liquid_wall_li6_enrich": 0.66145160975868,
    "l4": "W",
    "mult_frac": 0.3866729884968288,
    "fG": 0.8176472494453553,
    "B0": 8.504110679096854,
    "l1": "Li",
    "l1_pack": 1.3897930343779101,
    "l3_li6": 0.13434495230503782,
    "reconn_trigger": 0.604245605182743,
    "l2_pack": 0.7943124576848646,
    "conf_trigger": 0.7327729581785576,
    "lithium_velocity": 1.5614977955839338,
    "coolant_outlet_K": 1192.6735141684787,
    "kappa": 2.6,
    "l4_li6": 0.23885826543999772,
    "frac_cap": 0.6249262724204622
  },
  "result": {
    "score": -438591.03145695094,
    "net_electric": 1219.4596660955083,
    "tct_control_strength": 1.0,
    "tct_precursor": 0.40000959512043954,
    "tct_upstream_factor": 1.0,
    "tct_risk_R": 1.0,
    "tct_risk_H": 1.599186739922779e-05,
    "tct_n_used": 1.0,
    "tct_B_used": 8.504110679096854,
    "tct_Te_used": 21.305246928948915,
    "TBR": 1.8020698155157153,
    "fail_rate": 0.0,
    "wall_load": 4.328712902850524,
    "raw_wall_load": 4.784515066236717,
    "lithium_wall_modifier": 1.105297388303586,
    "performance_boost": 1.0126356865964303,
    "bootstrap_boost": 1.01758857379708,
    "wall_temp": 25.766148231253116,
    "bootstrap": 0.07019127124025203,
    "blanket_model": "openmc_dataset",
    "blanket_attenuation": 0.5576328107456046,
    "blanket_front_heating_frac": 0.42,
    "capex_billion": 10.75177824262613,
    "annual_revenue_musd": 624924.3004873042,
    "annual_cost_musd": 967.6600418363518
  },
  "score": -438412.3182383813,
  "objectives": {
    "net_electric": 1219.4596660955083,
    "bootstrap": 0.07019127124025203,
    "TBR": 1.8020698155157153,
    "wall_load": 4.328712902850524,
    "capex_billion": 10.75177824262613,
    "R": 6.013180120789482,
    "B0": 8.504110679096854
  },
  "feasible": true,
  "rank": 0,
  "crowding": Infinity
}