{
  "ok": true,
  "design": {
    "lithium_thickness": 0.00938738002554988,
    "li6_frac": 0.3623236427283673,
    "l3": "SiC",
    "Ti": 39.57914882478636,
    "l4_pack": 0.7992095968144,
    "l2_li6": 0.444803175497519,
    "mc_samples": 198693,
    "l3_pack": 1.2897714372689246,
    "blanket_thickness": 0.6997374806917971,
    "l2": "Li2TiO3",
    "Ip": 21.947657219924544,
    "l1_li6": 0.5218073453114426,
    "split": [
      0.41536200210409624,
      0.19720236915373693,
      0.29121078763354363,
      0.09622484110862317
    ],
    "cooling_eff": 0.2987043037710246,
    "Te": 23.976882071263084,
    "a": 2.5241857185606213,
    "R": 9.958072845647544,
    "H98": 1.0374569218309602,
    "liquid_wall_li6_enrich": 0.6995756972164273,
    "l4": "Be12Ti",
    "mult_frac": 0.17120127259404608,
    "fG": 0.8488795774691225,
    "B0": 6.55611476497175,
    "l1": "Pb",
    "l1_pack": 1.1252716427180167,
    "l3_li6": 0.026274540044120442,
    "reconn_trigger": 0.6723496991246942,
    "l2_pack": 0.7305140255063809,
    "conf_trigger": 0.801960101767236,
    "lithium_velocity": 5.03788291048965,
    "coolant_outlet_K": 824.2086895364608,
    "kappa": 1.8124252509746488,
    "l4_li6": -0.2851567111570736,
    "frac_cap": 0.5982210511452748
  },
  "result": {
    "score": 357911.326623623,
    "net_electric": 2665.7966339225627,
    "tct_control_strength": 1.0,
    "tct_precursor": 0.40000739721214357,
    "tct_upstream_factor": 1.0,
    "tct_risk_R": 1.0,
    "tct_risk_H": 1.2328686905881413e-05,
    "tct_n_used": 1.0,
    "tct_B_used": 6.55611476497175,
    "tct_Te_used": 23.976882071263084,
    "TBR": 1.7736910809267918,
    "fail_rate": 0.0,
    "wall_load": 6.588303324674695,
    "raw_wall_load": 9.011991671229596,
    "lithium_wall_modifier": 1.367877468160526,
    "performance_boost": 1.0441452961792632,
    "bootstrap_boost": 1.0457205214642,
    "wall_temp": 736.2727027656559,
    "bootstrap": 0.88886244324457,
    "blanket_model": "openmc_dataset",
    "blanket_attenuation": 0.7181435392795718,
    "blanket_front_heating_frac": 0.42,
    "capex_billion": 15.356931569051365,
    "annual_revenue_musd": 1366114.1430199565,
    "annual_cost_musd": 1382.1238412146229
  },
  "score": 358081.2180158224,
  "objectives": {
    "net_electric": 2665.7966339225627,
    "bootstrap": 0.88886244324457,
    "TBR": 1.7736910809267918,
    "wall_load": 6.588303324674695,
    "capex_billion": 15.356931569051365,
    "R": 9.958072845647544,
    "B0": 6.55611476497175
  },
  "feasible": true,
  "rank": 0,
  "crowding": Infinity
}