{
  "ok": true,
  "design": {
    "lithium_thickness": 0.007272288837018342,
    "li6_frac": 0.5501245787177571,
    "l3": "Li2TiO3",
    "Ti": 36.00084657099284,
    "l4_pack": 0.5974216662921574,
    "kappa": 2.202131485497454,
    "l2_li6": 0.42881532659078514,
    "mc_samples": 161715,
    "l3_pack": 1.394242253081262,
    "blanket_thickness": 1.3890419800357408,
    "l2": "Be",
    "Ip": 20.763114535395058,
    "l1_li6": 0.2740308605885159,
    "split": [
      0.015384331167398043,
      0.4052364258843514,
      0.19390682844307025,
      0.3854724145051803
    ],
    "cooling_eff": 0.6876268711600486,
    "Te": 6.0,
    "a": 2.342578723022575,
    "R": 5.959705238155622,
    "H98": 1.1747594200363267,
    "l4": "Be12Ti",
    "mult_frac": 0.2548265471949197,
    "fG": 0.9438349195042577,
    "B0": 6.324266917686012,
    "l1": "W",
    "l1_pack": 0.4850783600108538,
    "l3_li6": 0.06554495139226023,
    "reconn_trigger": 0.7122573195044892,
    "l2_pack": 1.2344300526534588,
    "conf_trigger": 0.9313301728109487,
    "lithium_velocity": 3.8739219310908313,
    "coolant_outlet_K": 708.8293594272269,
    "liquid_wall_li6_enrich": 1.3756653581151328,
    "l4_li6": -0.00021372301380470957,
    "frac_cap": 0.7064535125549242
  },
  "result": {
    "score": -3409969.367624099,
    "net_electric": 4649.520041869627,
    "tct_control_strength": 1.0,
    "tct_precursor": 0.4000071356200615,
    "tct_upstream_factor": 1.0,
    "tct_risk_R": 1.0,
    "tct_risk_H": 1.1892700102498973e-05,
    "tct_n_used": 1.0,
    "tct_B_used": 6.324266917686012,
    "tct_Te_used": 6.0,
    "TBR": 1.801117601529973,
    "fail_rate": 0.0,
    "wall_load": 10.891769426573576,
    "raw_wall_load": 14.493871075364336,
    "lithium_wall_modifier": 1.3307177656554503,
    "performance_boost": 1.039686131878654,
    "bootstrap_boost": 1.0477018717358004,
    "wall_temp": 942.9534906696272,
    "bootstrap": 0.4858786007346753,
    "blanket_model": "openmc_dataset",
    "blanket_attenuation": 0.564202308237577,
    "blanket_front_heating_frac": 0.42,
    "capex_billion": 20.72950726437422,
    "annual_revenue_musd": 2382693.0406565093,
    "annual_cost_musd": 1865.65565379368
  },
  "score": -3410021.9606178044,
  "objectives": {
    "net_electric": 4649.520041869627,
    "bootstrap": 0.4858786007346753,
    "TBR": 1.801117601529973,
    "wall_load": 10.891769426573576,
    "capex_billion": 20.72950726437422,
    "R": 5.959705238155622,
    "B0": 6.324266917686012
  },
  "feasible": true,
  "rank": 0,
  "crowding": 1.0959745650372252
}