{
  "ok": true,
  "design": {
    "R": 6.966133050268368,
    "a": 1.8557763282173199,
    "kappa": 2.188233231132481,
    "B0": 9.5,
    "Ip": 16.489979737399146,
    "Ti": 36.55299473948559,
    "Te": 10.2613313436935,
    "H98": 0.9851692459709923,
    "fG": 0.6447396087416335,
    "frac_cap": 0.8404503883795913,
    "reconn_trigger": 0.5734511495901933,
    "conf_trigger": 0.597690155494809,
    "lithium_thickness": 0.0025540293600769975,
    "lithium_velocity": 6.0,
    "liquid_wall_li6_enrich": 0.7409318513053114,
    "blanket_thickness": 0.5492406571714092,
    "l1": "Li4SiO4",
    "l1_li6": 0.9,
    "l1_pack": 0.86056815401676,
    "l2": "Li2TiO3",
    "l2_li6": 0.6,
    "l2_pack": 0.8548937772275707,
    "l3": "TiB2",
    "l3_li6": 0.0,
    "l3_pack": 0.958916197165058,
    "l4": "Pb",
    "l4_li6": 0.0,
    "l4_pack": 1.0,
    "split": [
      0.17421643218358188,
      0.42177422856322755,
      0.2077382184262814,
      0.19627112082690903
    ],
    "li6_frac": 0.4407239330590057,
    "mult_frac": 0.17151295667092198,
    "cooling_eff": 0.34763149447080144,
    "coolant_outlet_K": 1009.0360464630526,
    "mc_samples": 300000
  },
  "result": {
    "score": -2702096.2761789467,
    "net_electric": 2372.7092161258934,
    "tct_control_strength": 1.0,
    "tct_precursor": 0.4000107187744393,
    "tct_upstream_factor": 1.0,
    "tct_risk_R": 1.0,
    "tct_risk_H": 1.7864624065405313e-05,
    "tct_n_used": 1.0,
    "tct_B_used": 9.5,
    "tct_Te_used": 10.2613313436935,
    "TBR": 1.764004368486972,
    "fail_rate": 0.0,
    "wall_load": 10.112884664809965,
    "raw_wall_load": 12.826914708237835,
    "lithium_wall_modifier": 1.2683734793171273,
    "performance_boost": 1.0322048175180554,
    "bootstrap_boost": 1.0268373479317128,
    "wall_temp": 307.48338510710806,
    "bootstrap": 0.4848216006909865,
    "blanket_model": "openmc_dataset",
    "blanket_attenuation": 0.756984935315187,
    "blanket_front_heating_frac": 0.42,
    "capex_billion": 15.294672623321953,
    "annual_revenue_musd": 1215918.5648958753,
    "annual_cost_musd": 1376.5205360989758
  },
  "score": -2702098.585777732,
  "objectives": {
    "net_electric": 2372.7092161258934,
    "bootstrap": 0.4848216006909865,
    "TBR": 1.764004368486972,
    "wall_load": 10.112884664809965,
    "capex_billion": 15.294672623321953,
    "R": 6.966133050268368,
    "B0": 9.5
  },
  "feasible": true,
  "rank": 0,
  "crowding": Infinity
}