{
  "ok": true,
  "design": {
    "lithium_thickness": 0.002622143173369453,
    "li6_frac": 0.19391090840780867,
    "l3": "SiC",
    "Ti": 30.445937355968614,
    "l4_pack": 0.9036910073233092,
    "l2_li6": 0.4301618158360903,
    "mc_samples": 268534,
    "l3_pack": 1.423113784202136,
    "blanket_thickness": 0.4,
    "l2": "Li2TiO3",
    "Ip": 20.2931612966467,
    "l1_li6": 0.5857804123423148,
    "split": [
      0.41536200210409624,
      0.19720236915373693,
      0.29121078763354363,
      0.09622484110862317
    ],
    "cooling_eff": 0.5893089029546723,
    "Te": 17.5444348018184,
    "a": 2.424753061389103,
    "R": 7.64119221700686,
    "H98": 1.0117244476573817,
    "liquid_wall_li6_enrich": 0.6311238499764705,
    "l4": "Be12Ti",
    "mult_frac": 0.34050221732920094,
    "fG": 0.6798874587445409,
    "B0": 6.0792676801162395,
    "l1": "Pb",
    "l1_pack": 1.3076657089456956,
    "l3_li6": 0.14997707904070223,
    "reconn_trigger": 0.6770399645403298,
    "l2_pack": 0.7876322054600132,
    "conf_trigger": 0.9716956978814929,
    "lithium_velocity": 5.52757587055299,
    "coolant_outlet_K": 975.1845402672498,
    "kappa": 2.067979125117661,
    "l4_li6": -0.30743001448592355,
    "frac_cap": 0.6292875226258924
  },
  "result": {
    "score": 185015.65143066985,
    "net_electric": 526.5699381947406,
    "tct_control_strength": 1.0,
    "tct_precursor": 0.40000685918937046,
    "tct_upstream_factor": 1.0,
    "tct_risk_R": 1.0,
    "tct_risk_H": 1.1431982284025823e-05,
    "tct_n_used": 1.0,
    "tct_B_used": 6.0792676801162395,
    "tct_Te_used": 17.5444348018184,
    "TBR": 1.7513215326514087,
    "fail_rate": 0.0,
    "wall_load": 1.930651775015026,
    "raw_wall_load": 2.4403339547970724,
    "lithium_wall_modifier": 1.263994877987813,
    "performance_boost": 1.0316793853585375,
    "bootstrap_boost": 1.0263994877987812,
    "wall_temp": 60.26720680963414,
    "bootstrap": 0.43375562105550824,
    "blanket_model": "openmc_dataset",
    "blanket_attenuation": 0.7975763627511979,
    "blanket_front_heating_frac": 0.42,
    "capex_billion": 6.993364499744258,
    "annual_revenue_musd": 269846.0305272768,
    "annual_cost_musd": 629.4028049769832
  },
  "score": 185178.2892842143,
  "objectives": {
    "net_electric": 526.5699381947406,
    "bootstrap": 0.43375562105550824,
    "TBR": 1.7513215326514087,
    "wall_load": 1.930651775015026,
    "capex_billion": 6.993364499744258,
    "R": 7.64119221700686,
    "B0": 6.0792676801162395
  },
  "feasible": true,
  "rank": 0,
  "crowding": Infinity
}