{
  "ok": true,
  "design": {
    "lithium_thickness": 0.01970757350606634,
    "li6_frac": 0.8729185332801754,
    "l3": "Pb",
    "Ti": 39.24401477010336,
    "l4_pack": 0.8521417237954513,
    "kappa": 1.4,
    "l2_li6": 0.7112360459601086,
    "mc_samples": 296034,
    "l3_pack": 1.1346263296035786,
    "blanket_thickness": 0.6313730735911476,
    "l2": "Li2O",
    "Ip": 20.551589691134133,
    "l1_li6": -0.2327803131476826,
    "split": [
      0.41536200210409624,
      0.19720236915373693,
      0.29121078763354363,
      0.09622484110862317
    ],
    "cooling_eff": 0.6018350590185715,
    "Te": 17.6328696917364,
    "a": 2.8,
    "R": 11.672804313094753,
    "H98": 1.4673744501675416,
    "l4": "W",
    "mult_frac": 0.9375551281046146,
    "fG": 0.6974899858014956,
    "B0": 7.620548531005349,
    "l1": "Li",
    "l1_pack": 2.053807082379399,
    "l3_li6": -0.6769070661304587,
    "reconn_trigger": 0.7166580324051056,
    "l2_pack": 1.125208859009523,
    "conf_trigger": 0.8874375307297744,
    "lithium_velocity": 2.2933543638755793,
    "coolant_outlet_K": 1025.0497406822476,
    "liquid_wall_li6_enrich": 1.3716789276468488,
    "l4_li6": 0.5197798808544944,
    "frac_cap": 0.7660665399777713
  },
  "result": {
    "score": 721473.2186344288,
    "net_electric": 3515.7413819770095,
    "tct_control_strength": 1.0,
    "tct_precursor": 0.4000085982042955,
    "tct_upstream_factor": 1.0,
    "tct_risk_R": 1.0,
    "tct_risk_H": 1.4330340492482872e-05,
    "tct_n_used": 1.0,
    "tct_B_used": 7.620548531005349,
    "tct_Te_used": 17.6328696917364,
    "TBR": 1.7695787600903925,
    "fail_rate": 0.0,
    "wall_load": 3.6004299490710916,
    "raw_wall_load": 4.78726474787105,
    "lithium_wall_modifier": 1.3296369643592596,
    "performance_boost": 1.039556435723111,
    "bootstrap_boost": 1.032963696435926,
    "wall_temp": 844.7111651757289,
    "bootstrap": 0.878019141970537,
    "blanket_model": "openmc_dataset",
    "blanket_attenuation": 0.7355341772303987,
    "blanket_front_heating_frac": 0.42,
    "capex_billion": 18.35083556571062,
    "annual_revenue_musd": 1801676.8286079383,
    "annual_cost_musd": 1651.575200913956
  },
  "score": 721641.832158102,
  "objectives": {
    "net_electric": 3515.7413819770095,
    "bootstrap": 0.878019141970537,
    "TBR": 1.7695787600903925,
    "wall_load": 3.6004299490710916,
    "capex_billion": 18.35083556571062,
    "R": 11.672804313094753,
    "B0": 7.620548531005349
  },
  "feasible": true,
  "rank": 0,
  "crowding": Infinity
}