{
  "ok": true,
  "design": {
    "R": 7.969293461655001,
    "a": 2.8,
    "kappa": 1.981048717819265,
    "B0": 5.022302267950121,
    "Ip": 25.395138716439853,
    "Ti": 38.92292813980839,
    "Te": 23.96460107356635,
    "H98": 1.2272305057596586,
    "fG": 0.600185635787537,
    "frac_cap": 0.8485413579540306,
    "reconn_trigger": 0.672604679863105,
    "conf_trigger": 0.7317878775163803,
    "lithium_thickness": 0.0023737433301416998,
    "lithium_velocity": 3.2218992140060783,
    "liquid_wall_li6_enrich": 0.7532133748067384,
    "blanket_thickness": 0.5358313124274022,
    "l1": "Pb",
    "l1_li6": 0.0,
    "l1_pack": 1.0,
    "l2": "PbLi",
    "l2_li6": 0.3,
    "l2_pack": 1.0,
    "l3": "W",
    "l3_li6": 0.0,
    "l3_pack": 1.0,
    "l4": "Li2TiO3",
    "l4_li6": 0.3,
    "l4_pack": 0.7593565086118382,
    "split": [
      0.23984648578481974,
      0.21981021048876254,
      0.3443572887847722,
      0.19598601494164555
    ],
    "li6_frac": 0.1623334852676642,
    "mult_frac": 0.21101443826270427,
    "cooling_eff": 0.47681940604492223,
    "coolant_outlet_K": 798.1568508561498,
    "mc_samples": 300000
  },
  "result": {
    "score": 554910.2441632546,
    "net_electric": 3746.113970243774,
    "tct_control_strength": 1.0,
    "tct_precursor": 0.40000566662370274,
    "tct_upstream_factor": 1.0,
    "tct_risk_R": 1.0,
    "tct_risk_H": 9.444372837869622e-06,
    "tct_n_used": 1.0,
    "tct_B_used": 5.022302267950121,
    "tct_Te_used": 23.96460107356635,
    "TBR": 1.7630156796601772,
    "fail_rate": 0.0,
    "wall_load": 7.480289210276687,
    "raw_wall_load": 9.09597530773698,
    "lithium_wall_modifier": 1.21599246393316,
    "performance_boost": 1.0259190956719793,
    "bootstrap_boost": 1.0215992463933161,
    "wall_temp": 211.3843645288715,
    "bootstrap": 0.7895743944103023,
    "blanket_model": "openmc_dataset",
    "blanket_attenuation": 0.7605460205342535,
    "blanket_front_heating_frac": 0.42,
    "capex_billion": 18.045786024117792,
    "annual_revenue_musd": 1919733.5651911246,
    "annual_cost_musd": 1624.1207421706013
  },
  "score": 555076.4867418194,
  "objectives": {
    "net_electric": 3746.113970243774,
    "bootstrap": 0.7895743944103023,
    "TBR": 1.7630156796601772,
    "wall_load": 7.480289210276687,
    "capex_billion": 18.045786024117792,
    "R": 7.969293461655001,
    "B0": 5.022302267950121
  },
  "feasible": true,
  "rank": 0,
  "crowding": 1.0589088480217923
}