{
  "ok": true,
  "design": {
    "lithium_thickness": 0.002987706027205542,
    "li6_frac": 0.679685534679296,
    "l3": "Pb",
    "Ti": 40.0,
    "l4_pack": 1.4493443166827475,
    "l2_li6": 0.3937595982158294,
    "mc_samples": 167182,
    "l3_pack": 0.5895117198699423,
    "blanket_thickness": 1.0230719089043485,
    "l2": "Li2O",
    "Ip": 19.859407484991728,
    "l1_li6": 0.44182029171904946,
    "split": [
      0.4486723050036747,
      0.06070042916024055,
      0.16877243662147615,
      0.32185482921460873
    ],
    "cooling_eff": 0.25381067544127633,
    "Te": 18.2168770048499,
    "a": 2.299754190377497,
    "R": 8.324477540564448,
    "H98": 1.1757579809240157,
    "liquid_wall_li6_enrich": 0.8036005791056127,
    "l4": "Be",
    "mult_frac": 0.5002161307244829,
    "fG": 0.65427927585702,
    "B0": 8.23443073648712,
    "l1": "Li",
    "l1_pack": 1.3594202355307146,
    "l3_li6": 0.32550637490388035,
    "reconn_trigger": 0.5793165417735424,
    "l2_pack": 0.7713520904444554,
    "conf_trigger": 0.5306011543026018,
    "lithium_velocity": 2.6793743529963816,
    "coolant_outlet_K": 665.6076312616135,
    "kappa": 2.136963388852855,
    "l4_li6": 0.9541395863377993,
    "frac_cap": 0.7690624574330822
  },
  "result": {
    "score": -1765794.2288807342,
    "net_electric": 2321.5141836900452,
    "tct_control_strength": 1.0,
    "tct_precursor": 0.40000929084270526,
    "tct_upstream_factor": 1.0,
    "tct_risk_R": 1.0,
    "tct_risk_H": 1.548473784210116e-05,
    "tct_n_used": 1.0,
    "tct_B_used": 8.23443073648712,
    "tct_Te_used": 18.2168770048499,
    "TBR": 1.788885440212467,
    "fail_rate": 0.0,
    "wall_load": 9.638110849790678,
    "raw_wall_load": 11.776006178787485,
    "lithium_wall_modifier": 1.2218168438105521,
    "performance_boost": 1.0266180212572662,
    "bootstrap_boost": 1.0221816843810552,
    "wall_temp": 342.80764139041355,
    "bootstrap": 0.494962348852631,
    "blanket_model": "openmc_dataset",
    "blanket_attenuation": 0.6413032375918202,
    "blanket_front_heating_frac": 0.42,
    "capex_billion": 14.708553076025876,
    "annual_revenue_musd": 1189683.1585738005,
    "annual_cost_musd": 1323.7697768423288
  },
  "score": -1765750.6988014728,
  "objectives": {
    "net_electric": 2321.5141836900452,
    "bootstrap": 0.494962348852631,
    "TBR": 1.788885440212467,
    "wall_load": 9.638110849790678,
    "capex_billion": 14.708553076025876,
    "R": 8.324477540564448,
    "B0": 8.23443073648712
  },
  "feasible": true,
  "rank": 0,
  "crowding": 0.877923233321253
}