{
  "ok": true,
  "design": {
    "R": 5.581136922239242,
    "a": 2.658837422622148,
    "kappa": 2.3928485510942115,
    "B0": 9.315310945587711,
    "Ip": 19.46469758732504,
    "Ti": 36.16865233973271,
    "Te": 21.597231353977122,
    "H98": 1.368021740189497,
    "fG": 0.6795854861220405,
    "frac_cap": 0.5928005561927996,
    "reconn_trigger": 0.7069197111639902,
    "conf_trigger": 0.7776198774926947,
    "lithium_thickness": 0.002615745811375304,
    "lithium_velocity": 1.7527842780462193,
    "liquid_wall_li6_enrich": 0.7090924633589879,
    "blanket_thickness": 1.1293749737260854,
    "l1": "Li",
    "l1_li6": 0.6,
    "l1_pack": 1.0,
    "l2": "Li2O",
    "l2_li6": 0.9,
    "l2_pack": 0.8108873230716765,
    "l3": "Pb",
    "l3_li6": 0.0,
    "l3_pack": 1.0,
    "l4": "W",
    "l4_li6": 0.0,
    "l4_pack": 1.0,
    "split": [
      0.24732076929279587,
      0.04922088240045713,
      0.30509159007605635,
      0.39836675823069073
    ],
    "li6_frac": 0.26358486696971056,
    "mult_frac": 0.48294042453004066,
    "cooling_eff": 0.41675749220221125,
    "coolant_outlet_K": 873.4793827269033,
    "mc_samples": 300000
  },
  "result": {
    "score": -705340.7425876512,
    "net_electric": 694.7845145220334,
    "tct_control_strength": 1.0,
    "tct_precursor": 0.40001051039124813,
    "tct_upstream_factor": 1.0,
    "tct_risk_R": 1.0,
    "tct_risk_H": 1.7517318746871557e-05,
    "tct_n_used": 1.0,
    "tct_B_used": 9.315310945587711,
    "tct_Te_used": 21.597231353977122,
    "TBR": 1.7928396166941303,
    "fail_rate": 0.0,
    "wall_load": 2.973684052902137,
    "raw_wall_load": 3.5206391242499344,
    "lithium_wall_modifier": 1.1839318036541246,
    "performance_boost": 1.022071816438495,
    "bootstrap_boost": 1.0183931803654125,
    "wall_temp": 92.60001911586075,
    "bootstrap": 0.05693187640122055,
    "blanket_model": "openmc_dataset",
    "blanket_attenuation": 0.6178812840121423,
    "blanket_front_heating_frac": 0.42,
    "capex_billion": 8.805816102676172,
    "annual_revenue_musd": 356049.2723119612,
    "annual_cost_musd": 792.5234492408555
  },
  "score": -705164.8952829983,
  "objectives": {
    "net_electric": 694.7845145220334,
    "bootstrap": 0.05693187640122055,
    "TBR": 1.7928396166941303,
    "wall_load": 2.973684052902137,
    "capex_billion": 8.805816102676172,
    "R": 5.581136922239242,
    "B0": 9.315310945587711
  },
  "feasible": true,
  "rank": 0,
  "crowding": Infinity
}