{
  "ok": true,
  "design": {
    "lithium_thickness": 0.004930591146647222,
    "li6_frac": 0.528654644444041,
    "l3": "W_Ti_B4C_Cr_55_25_10_10_wt",
    "Ti": 32.97574292872325,
    "l4_pack": 1.4244137097238674,
    "l2_li6": 0.0025986557460467162,
    "mc_samples": 300000,
    "l3_pack": 0.628771528753071,
    "blanket_thickness": 1.3140961924438634,
    "l2": "Li2O",
    "Ip": 18.21503652173914,
    "l1_li6": 0.4348484225259597,
    "split": [
      0.2934380449303286,
      0.11484164730202964,
      0.401682051384194,
      0.19003825638344773
    ],
    "cooling_eff": 0.4137834593648327,
    "Te": 16.335608060602784,
    "a": 2.7253067620040237,
    "R": 7.799335756529364,
    "H98": 1.1715360682960951,
    "liquid_wall_li6_enrich": 0.7176725661458715,
    "l4": "W_Ti_B4C_Cr_55_25_10_10_wt",
    "mult_frac": 0.4184656744847226,
    "fG": 0.7856858265075235,
    "B0": 5.821525716133472,
    "l1": "Li4SiO4",
    "l1_pack": 0.5338788840947256,
    "l3_li6": 0.26109121012216824,
    "reconn_trigger": 0.585485014559379,
    "l2_pack": 0.8452016677401537,
    "conf_trigger": 0.5358291205390934,
    "lithium_velocity": 3.309792772032585,
    "coolant_outlet_K": 1220.1951982323255,
    "kappa": 2.2193226495679683,
    "l4_li6": 0.8390552326425759,
    "frac_cap": 0.5730766271136418
  },
  "result": {
    "score": -877814.8465168367,
    "net_electric": 541.341602864033,
    "tct_control_strength": 1.0,
    "tct_precursor": 0.4000065683811625,
    "tct_upstream_factor": 1.0,
    "tct_risk_R": 1.0,
    "tct_risk_H": 1.0947301937454096e-05,
    "tct_n_used": 1.0,
    "tct_B_used": 5.821525716133472,
    "tct_Te_used": 16.335608060602784,
    "TBR": 1.7988989980384256,
    "fail_rate": 0.0,
    "wall_load": 1.778358710629587,
    "raw_wall_load": 2.2831658944131537,
    "lithium_wall_modifier": 1.2838612821846562,
    "performance_boost": 1.0340633538621586,
    "bootstrap_boost": 1.033527277808917,
    "wall_temp": 104.38523469277632,
    "bootstrap": 0.2832917469179611,
    "blanket_model": "openmc_dataset",
    "blanket_attenuation": 0.5791977262472626,
    "blanket_front_heating_frac": 0.42,
    "capex_billion": 7.009332055156603,
    "annual_revenue_musd": 277415.91780370235,
    "annual_cost_musd": 630.8398849640944
  },
  "score": -877636.9644954638,
  "objectives": {
    "net_electric": 541.341602864033,
    "bootstrap": 0.2832917469179611,
    "TBR": 1.7988989980384256,
    "wall_load": 1.778358710629587,
    "capex_billion": 7.009332055156603,
    "R": 7.799335756529364,
    "B0": 5.821525716133472
  },
  "feasible": true,
  "rank": 0,
  "crowding": Infinity
}