{
  "ok": true,
  "design": {
    "R": 7.738925256694186,
    "a": 2.565608427794932,
    "kappa": 2.126150345579755,
    "B0": 9.5,
    "Ip": 27.235148801953493,
    "Ti": 30.388527481717986,
    "Te": 12.392273016812497,
    "H98": 1.295180468488844,
    "fG": 0.8438011702862229,
    "frac_cap": 0.6620961665811026,
    "reconn_trigger": 0.7103468568323681,
    "conf_trigger": 0.6786547055873096,
    "lithium_thickness": 0.002630799149467478,
    "lithium_velocity": 2.3935500848786626,
    "liquid_wall_li6_enrich": 0.6535019681827949,
    "blanket_thickness": 0.6318848030196665,
    "l1": "Li2O",
    "l1_li6": 0.9,
    "l1_pack": 0.6071889382976039,
    "l2": "Pb",
    "l2_li6": 0.0,
    "l2_pack": 1.0,
    "l3": "Pb",
    "l3_li6": 0.0,
    "l3_pack": 1.0,
    "l4": "TiB2",
    "l4_li6": 0.0,
    "l4_pack": 0.6141228982383783,
    "split": [
      0.12039102741899876,
      0.3275104772045255,
      0.22481111999889714,
      0.32728737537757874
    ],
    "li6_frac": 0.8205800189517691,
    "mult_frac": 0.15187311196454095,
    "cooling_eff": 0.42383310606066854,
    "coolant_outlet_K": 995.2470803654521,
    "mc_samples": 300000
  },
  "result": {
    "score": -83634.88558910743,
    "net_electric": 1820.8801944293175,
    "tct_control_strength": 1.0,
    "tct_precursor": 0.4000107187744393,
    "tct_upstream_factor": 1.0,
    "tct_risk_R": 1.0,
    "tct_risk_H": 1.7864624065405313e-05,
    "tct_n_used": 1.0,
    "tct_B_used": 9.5,
    "tct_Te_used": 12.392273016812497,
    "TBR": 1.769611166962539,
    "fail_rate": 0.0,
    "wall_load": 5.36189760990466,
    "raw_wall_load": 6.454371505147808,
    "lithium_wall_modifier": 1.2037476234579894,
    "performance_boost": 1.0244497148149587,
    "bootstrap_boost": 1.029002832562972,
    "wall_temp": 167.9294722817724,
    "bootstrap": 0.24364249095954407,
    "blanket_model": "openmc_dataset",
    "blanket_attenuation": 0.7354024509577279,
    "blanket_front_heating_frac": 0.42,
    "capex_billion": 13.481018504866679,
    "annual_revenue_musd": 933128.2644372481,
    "annual_cost_musd": 1213.291665438001
  },
  "score": -83466.39702066645,
  "objectives": {
    "net_electric": 1820.8801944293175,
    "bootstrap": 0.24364249095954407,
    "TBR": 1.769611166962539,
    "wall_load": 5.36189760990466,
    "capex_billion": 13.481018504866679,
    "R": 7.738925256694186,
    "B0": 9.5
  },
  "feasible": true,
  "rank": 0,
  "crowding": Infinity
}