{
  "ok": true,
  "design": {
    "R": 8.66756192300427,
    "a": 2.6890202777298873,
    "kappa": 1.957076433585139,
    "B0": 6.656048599383631,
    "Ip": 27.939989172032462,
    "Ti": 33.10507524451031,
    "Te": 21.092934851979646,
    "H98": 0.9623234269739022,
    "fG": 0.740457972139386,
    "frac_cap": 0.5465590945494708,
    "reconn_trigger": 0.6274021737555506,
    "conf_trigger": 0.5872501876115942,
    "lithium_thickness": 0.0007023997816366543,
    "lithium_velocity": 4.3145130529329005,
    "liquid_wall_li6_enrich": 0.8258070551095478,
    "blanket_thickness": 1.3396479884792276,
    "l1": "B4C",
    "l1_li6": 0.0,
    "l1_pack": 0.8754486357297148,
    "l2": "Be12Ti",
    "l2_li6": 0.0,
    "l2_pack": 0.7179281229243553,
    "l3": "SiC",
    "l3_li6": 0.0,
    "l3_pack": 0.7662802126728704,
    "l4": "Be12Ti",
    "l4_li6": 0.0,
    "l4_pack": 0.8009561549383761,
    "split": [
      0.3157127263333829,
      0.2824330132314354,
      0.22441002203782143,
      0.17744423839736023
    ],
    "li6_frac": 0.18834588589498025,
    "mult_frac": 0.26481424214054416,
    "cooling_eff": 0.31001980299541704,
    "coolant_outlet_K": 816.696074379159,
    "mc_samples": 300000
  },
  "result": {
    "score": -642626.9619856733,
    "net_electric": 801.9946928820788,
    "tct_control_strength": 1.0,
    "tct_precursor": 0.40000750996669404,
    "tct_upstream_factor": 1.0,
    "tct_risk_R": 1.0,
    "tct_risk_H": 1.2516611156742754e-05,
    "tct_n_used": 1.0,
    "tct_B_used": 6.656048599383631,
    "tct_Te_used": 21.092934851979646,
    "TBR": 1.7996693074067711,
    "fail_rate": 0.0,
    "wall_load": 3.430162701798454,
    "raw_wall_load": 4.048128186721612,
    "lithium_wall_modifier": 1.180156318707318,
    "performance_boost": 1.0216187582448781,
    "bootstrap_boost": 1.020443110199095,
    "wall_temp": 28.682684913350364,
    "bootstrap": 0.4734064789874632,
    "blanket_model": "openmc_dataset",
    "blanket_attenuation": 0.5740409795832327,
    "blanket_front_heating_frac": 0.42,
    "capex_billion": 8.529073745423593,
    "annual_revenue_musd": 410990.2003143501,
    "annual_cost_musd": 767.6166370881234
  },
  "score": -642448.925854436,
  "objectives": {
    "net_electric": 801.9946928820788,
    "bootstrap": 0.4734064789874632,
    "TBR": 1.7996693074067711,
    "wall_load": 3.430162701798454,
    "capex_billion": 8.529073745423593,
    "R": 8.66756192300427,
    "B0": 6.656048599383631
  },
  "feasible": true,
  "rank": 0,
  "crowding": 0.6581980888887808
}