{
  "ok": true,
  "design": {
    "lithium_thickness": 0.002466685219846846,
    "li6_frac": 0.4597643611624012,
    "l3": "Be",
    "Ti": 33.65219211978648,
    "kappa": 2.6,
    "l4_pack": 0.8457056612833969,
    "l2_li6": 1.099108161645537,
    "mc_samples": 300000,
    "l3_pack": 0.6178377122318689,
    "blanket_thickness": 0.8664877259870409,
    "l2": "Li2O",
    "Ip": 24.873016691076764,
    "l1_li6": 0.0496019298237142,
    "split": [
      0.4486723050036747,
      0.06070042916024055,
      0.16877243662147615,
      0.32185482921460873
    ],
    "cooling_eff": 0.3845585796882365,
    "Te": 16.780521381250033,
    "a": 2.166321482177618,
    "R": 9.410869760415151,
    "H98": 1.3519428676008416,
    "l4": "Li2O",
    "mult_frac": 0.3701095560245707,
    "fG": 0.6789966312727785,
    "B0": 8.124393590696554,
    "l1": "Li4SiO4",
    "l1_pack": 0.8259021410155103,
    "l3_li6": -0.024094353966556608,
    "reconn_trigger": 0.6864014520939086,
    "l2_pack": 0.3413648326294031,
    "conf_trigger": 0.7051010081304272,
    "lithium_velocity": 2.498224424297912,
    "coolant_outlet_K": 969.569136688016,
    "liquid_wall_li6_enrich": 0.7523192023260992,
    "l4_li6": 0.7835199255726958,
    "frac_cap": 0.5756639499610794
  },
  "result": {
    "score": 1199754.1150987414,
    "net_electric": 2381.9668820952015,
    "tct_control_strength": 1.0,
    "tct_precursor": 0.40000916668866887,
    "tct_upstream_factor": 1.0,
    "tct_risk_R": 1.0,
    "tct_risk_H": 1.5277814448124457e-05,
    "tct_n_used": 1.0,
    "tct_B_used": 8.124393590696554,
    "tct_Te_used": 16.780521381250033,
    "TBR": 1.7822407688303232,
    "fail_rate": 0.0,
    "wall_load": 6.764609631519513,
    "raw_wall_load": 8.127731235129232,
    "lithium_wall_modifier": 1.2015077998378934,
    "performance_boost": 1.0241809359805472,
    "bootstrap_boost": 1.0201507799837892,
    "wall_temp": 198.64479281074767,
    "bootstrap": 0.44533119379719927,
    "blanket_model": "openmc_dataset",
    "blanket_attenuation": 0.6774304418626413,
    "blanket_front_heating_frac": 0.42,
    "capex_billion": 14.931156164276802,
    "annual_revenue_musd": 1220662.748398507,
    "annual_cost_musd": 1343.8040547849123
  },
  "score": 1199926.4699647273,
  "objectives": {
    "net_electric": 2381.9668820952015,
    "bootstrap": 0.44533119379719927,
    "TBR": 1.7822407688303232,
    "wall_load": 6.764609631519513,
    "capex_billion": 14.931156164276802,
    "R": 9.410869760415151,
    "B0": 8.124393590696554
  },
  "feasible": true,
  "rank": 0,
  "crowding": 0.7824463410994242
}