{
  "ok": true,
  "design": {
    "lithium_thickness": 0.000722437875074469,
    "li6_frac": 0.8310865703188547,
    "l3": "W_Ti_B4C_Cr_55_25_10_10_wt",
    "Ti": 30.137044482887706,
    "l4_pack": 0.42513826372004276,
    "l2_li6": -0.11945096839372639,
    "mc_samples": 287082,
    "l3_pack": 0.868620389976797,
    "blanket_thickness": 0.926300872696793,
    "l2": "SiC",
    "Ip": 30.0,
    "l1_li6": 0.2552696030985602,
    "split": [
      0.09257914396922545,
      0.14123717244659353,
      0.032129738603535477,
      0.7340539449806456
    ],
    "cooling_eff": 0.43413003680709306,
    "Te": 21.09747603526444,
    "a": 2.186176538256257,
    "R": 7.084012545580773,
    "H98": 1.2041284136073118,
    "liquid_wall_li6_enrich": 0.9707855337356448,
    "l4": "Be",
    "mult_frac": -0.08279869248692684,
    "fG": 0.6487168428091139,
    "B0": 9.473724802346734,
    "l1": "Li",
    "l1_pack": 0.8517385715451173,
    "l3_li6": 0.45185039781625846,
    "reconn_trigger": 0.3681479083837999,
    "l2_pack": 1.0622709938007713,
    "conf_trigger": 0.549021358106649,
    "lithium_velocity": 2.699587432522482,
    "coolant_outlet_K": 1253.5130094185042,
    "kappa": 1.8477532250324726,
    "l4_li6": 1.0602192050448556,
    "frac_cap": 0.7552586111428916
  },
  "result": {
    "score": 868356.279870761,
    "net_electric": 1922.391927425081,
    "tct_control_strength": 1.0,
    "tct_precursor": 0.40001068912834276,
    "tct_upstream_factor": 0.8,
    "tct_risk_R": 1.0,
    "tct_risk_H": 1.7815213904529544e-05,
    "tct_n_used": 1.0,
    "tct_B_used": 9.473724802346734,
    "tct_Te_used": 21.09747603526444,
    "TBR": 1.7849108094855288,
    "fail_rate": 0.0,
    "wall_load": 7.124605312425778,
    "raw_wall_load": 8.174592683545338,
    "lithium_wall_modifier": 1.1473748123686673,
    "performance_boost": 1.01768497748424,
    "bootstrap_boost": 1.0147374812368668,
    "wall_temp": 61.27481812682324,
    "bootstrap": 0.46005984347920703,
    "blanket_model": "openmc_dataset",
    "blanket_attenuation": 0.6633961196416234,
    "blanket_front_heating_frac": 0.42,
    "capex_billion": 13.78542751157992,
    "annual_revenue_musd": 985148.9671282569,
    "annual_cost_musd": 1240.688476042193
  },
  "score": 868529.4037033458,
  "objectives": {
    "net_electric": 1922.391927425081,
    "bootstrap": 0.46005984347920703,
    "TBR": 1.7849108094855288,
    "wall_load": 7.124605312425778,
    "capex_billion": 13.78542751157992,
    "R": 7.084012545580773,
    "B0": 9.473724802346734
  },
  "feasible": true,
  "rank": 0,
  "crowding": 0.7058371118485146
}