{
  "ok": true,
  "design": {
    "lithium_thickness": 0.0009898722256426254,
    "li6_frac": 0.3713679104115203,
    "l3": "Pb",
    "Ti": 35.64507549154998,
    "l4_pack": 0.9478121906652789,
    "kappa": 2.1574108030015715,
    "l2_li6": 0.6017660075821278,
    "mc_samples": 221648,
    "l3_pack": 1.0848215534891081,
    "blanket_thickness": 0.7895324968261686,
    "l2": "Li2O",
    "Ip": 16.158278413573296,
    "l1_li6": 0.5689431533390628,
    "split": [
      0.41536200210409624,
      0.19720236915373693,
      0.29121078763354363,
      0.09622484110862317
    ],
    "cooling_eff": 0.5768371950847658,
    "Te": 18.50769998492857,
    "a": 2.4903313687121233,
    "R": 9.765435891515684,
    "H98": 1.0552412803950864,
    "l4": "Be12Ti",
    "mult_frac": 0.40350894953421557,
    "fG": 0.6797406050673682,
    "B0": 9.5,
    "l1": "Pb",
    "l1_pack": 1.4375988443882843,
    "l3_li6": -0.04364853748188273,
    "reconn_trigger": 0.6958305360154481,
    "l2_pack": 0.79911746192845,
    "conf_trigger": 1.2242609308034094,
    "lithium_velocity": 0.48023338472640453,
    "coolant_outlet_K": 953.8885386647221,
    "liquid_wall_li6_enrich": 0.6110372950649062,
    "l4_li6": -0.1147140464982652,
    "frac_cap": 0.5420488499689851
  },
  "result": {
    "score": 286650.1769716464,
    "net_electric": 722.0818205310336,
    "tct_control_strength": 0.5756093271406225,
    "tct_precursor": 0.4000107187744393,
    "tct_upstream_factor": 1.0,
    "tct_risk_R": 1.0,
    "tct_risk_H": 1.7864624065405313e-05,
    "tct_n_used": 1.0,
    "tct_B_used": 9.5,
    "tct_Te_used": 18.50769998492857,
    "TBR": 1.7785204991673154,
    "fail_rate": 0.0,
    "wall_load": 1.9587359079363273,
    "raw_wall_load": 2.1002520542329512,
    "lithium_wall_modifier": 1.072248711897931,
    "performance_boost": 1.0086698454277516,
    "bootstrap_boost": 1.007224871189793,
    "wall_temp": 23.082122293274534,
    "bootstrap": 0.19168357966027214,
    "blanket_model": "openmc_dataset",
    "blanket_attenuation": 0.6959245218611162,
    "blanket_front_heating_frac": 0.42,
    "capex_billion": 9.253541999091532,
    "annual_revenue_musd": 370038.0497493334,
    "annual_cost_musd": 832.8187799182379
  },
  "score": 286822.58993170643,
  "objectives": {
    "net_electric": 722.0818205310336,
    "bootstrap": 0.19168357966027214,
    "TBR": 1.7785204991673154,
    "wall_load": 1.9587359079363273,
    "capex_billion": 9.253541999091532,
    "R": 9.765435891515684,
    "B0": 9.5
  },
  "feasible": true,
  "rank": 0,
  "crowding": Infinity
}