{
  "ok": true,
  "design": {
    "lithium_thickness": 0.0239847924647542,
    "li6_frac": 0.2603200830793239,
    "l3": "Pb",
    "Ti": 33.42782781506194,
    "l4_pack": 1.0017896370647896,
    "l2_li6": 0.6985700888001238,
    "mc_samples": 180997,
    "l3_pack": 1.039265536279055,
    "blanket_thickness": 0.6665566844146513,
    "l2": "Pb",
    "Ip": 19.110581686809944,
    "l1_li6": 0.5911011692814077,
    "split": [
      0.24732076929279587,
      0.04922088240045713,
      0.30509159007605635,
      0.39836675823069073
    ],
    "cooling_eff": 0.37777344397123913,
    "Te": 19.84427012696384,
    "a": 2.3502951652645225,
    "R": 4.60865470704693,
    "H98": 1.4291213037662847,
    "liquid_wall_li6_enrich": 0.2733517572988264,
    "l4": "W",
    "mult_frac": 0.38092720351573917,
    "fG": 0.7571619234276692,
    "B0": 5.528690627277175,
    "l1": "Li",
    "l1_pack": 1.7720140953116041,
    "l3_li6": 0.21148213045759845,
    "reconn_trigger": 0.8076153268958052,
    "l2_pack": 1.01059866120875,
    "conf_trigger": 0.4730505007296885,
    "lithium_velocity": 0.2,
    "coolant_outlet_K": 752.4820736226263,
    "kappa": 1.7819802929938442,
    "l4_li6": 0.028028980944217824,
    "frac_cap": 0.830788252171077
  },
  "result": {
    "score": 485256.9647140679,
    "net_electric": 946.8053936255308,
    "tct_control_strength": 1.0,
    "tct_precursor": 0.4000062379776609,
    "tct_upstream_factor": 1.0,
    "tct_risk_R": 1.0,
    "tct_risk_H": 1.0396629434761752e-05,
    "tct_n_used": 1.0,
    "tct_B_used": 5.528690627277175,
    "tct_Te_used": 19.84427012696384,
    "TBR": 1.7717478840670768,
    "fail_rate": 0.0,
    "wall_load": 5.248169311748972,
    "raw_wall_load": 6.490498897641771,
    "lithium_wall_modifier": 1.23671675056512,
    "performance_boost": 1.0284060100678143,
    "bootstrap_boost": 1.0271013904621722,
    "wall_temp": 1498.52680669275,
    "bootstrap": 0.4154777987675139,
    "blanket_model": "openmc_dataset",
    "blanket_attenuation": 0.7265321557364565,
    "blanket_front_heating_frac": 0.42,
    "capex_billion": 8.631426130287915,
    "annual_revenue_musd": 485199.8920173395,
    "annual_cost_musd": 776.8283517259124
  },
  "score": 485426.1849866785,
  "objectives": {
    "net_electric": 946.8053936255308,
    "bootstrap": 0.4154777987675139,
    "TBR": 1.7717478840670768,
    "wall_load": 5.248169311748972,
    "capex_billion": 8.631426130287915,
    "R": 4.60865470704693,
    "B0": 5.528690627277175
  },
  "feasible": true,
  "rank": 0,
  "crowding": 0.8928972331080022
}