{
  "ok": true,
  "design": {
    "R": 5.5856793930481885,
    "a": 2.1582149392621246,
    "kappa": 2.3947455532819313,
    "B0": 9.5,
    "Ip": 16.497279915780968,
    "Ti": 35.57562022964221,
    "Te": 18.393950659035035,
    "H98": 0.9443103728367858,
    "fG": 0.8810233937159455,
    "frac_cap": 0.7792482056182497,
    "reconn_trigger": 0.7667784414806939,
    "conf_trigger": 0.739059537443448,
    "lithium_thickness": 0.001432349749000065,
    "lithium_velocity": 6.0,
    "liquid_wall_li6_enrich": 0.9172064976068612,
    "blanket_thickness": 0.8699023396029327,
    "l1": "W_Ti_B4C_60_30_10_wt",
    "l1_li6": 0.0,
    "l1_pack": 1.0,
    "l2": "Pb",
    "l2_li6": 0.0,
    "l2_pack": 1.0,
    "l3": "Li2TiO3",
    "l3_li6": 0.3,
    "l3_pack": 0.7413452948787904,
    "l4": "B4C",
    "l4_li6": 0.0,
    "l4_pack": 0.9326116350487588,
    "split": [
      0.35488664914359286,
      0.27450246124906913,
      0.11467697758214108,
      0.255933912025197
    ],
    "li6_frac": 0.8951598246377267,
    "mult_frac": 0.34562040785825376,
    "cooling_eff": 0.466112626920207,
    "coolant_outlet_K": 1014.7531205771834,
    "mc_samples": 300000
  },
  "result": {
    "score": -3253663.161129089,
    "net_electric": 2758.6508233321288,
    "tct_control_strength": 1.0,
    "tct_precursor": 0.4000107187744393,
    "tct_upstream_factor": 1.0,
    "tct_risk_R": 1.0,
    "tct_risk_H": 1.7864624065405313e-05,
    "tct_n_used": 1.0,
    "tct_B_used": 9.5,
    "tct_Te_used": 18.393950659035035,
    "TBR": 1.7823980888151263,
    "fail_rate": 0.0,
    "wall_load": 10.443057127007764,
    "raw_wall_load": 12.861084689032868,
    "lithium_wall_modifier": 1.2315440328073681,
    "performance_boost": 1.0277852839368842,
    "bootstrap_boost": 1.0340158069036933,
    "wall_temp": 178.0727411269394,
    "bootstrap": 0.18193616621507738,
    "blanket_model": "openmc_dataset",
    "blanket_attenuation": 0.6766213183329746,
    "blanket_front_heating_frac": 0.42,
    "capex_billion": 16.44119329905075,
    "annual_revenue_musd": 1413698.2009247828,
    "annual_cost_musd": 1479.7073969145674
  },
  "score": -3253686.0649640397,
  "objectives": {
    "net_electric": 2758.6508233321288,
    "bootstrap": 0.18193616621507738,
    "TBR": 1.7823980888151263,
    "wall_load": 10.443057127007764,
    "capex_billion": 16.44119329905075,
    "R": 5.5856793930481885,
    "B0": 9.5
  },
  "feasible": true,
  "rank": 0,
  "crowding": Infinity
}