{
  "ok": true,
  "design": {
    "lithium_thickness": 0.0006006184121745262,
    "li6_frac": 0.37706449894707306,
    "l3": "Pb",
    "Ti": 33.9674109779308,
    "l4_pack": 0.6557850773517208,
    "l2_li6": 0.5433216508103657,
    "mc_samples": 300000,
    "l3_pack": 1.0521157610371303,
    "blanket_thickness": 1.1651398256558505,
    "l2": "Li2O",
    "Ip": 24.636514818145432,
    "l1_li6": 0.14482387226712737,
    "split": [
      0.47335371888926736,
      0.06774365848538863,
      0.19425723762150304,
      0.264645385003841
    ],
    "cooling_eff": 0.4803726576324047,
    "Te": 16.952764282585463,
    "a": 2.466566931227155,
    "R": 5.561201030564701,
    "H98": 1.3651981662534765,
    "liquid_wall_li6_enrich": 0.6455989790784953,
    "l4": "W",
    "mult_frac": 0.143541163711841,
    "fG": 0.8490280173963265,
    "B0": 8.187965155630192,
    "l1": "Li",
    "l1_pack": 1.7334042106764234,
    "l3_li6": 0.09382167397419319,
    "reconn_trigger": 0.6757445390667369,
    "l2_pack": 0.7966047130443871,
    "conf_trigger": 0.7792932920244404,
    "lithium_velocity": 4.934607468409762,
    "coolant_outlet_K": 1001.6405032008872,
    "kappa": 2.2635627292139673,
    "l4_li6": -0.13084889211292092,
    "frac_cap": 0.33925728631437124
  },
  "result": {
    "score": 194078.76148323063,
    "net_electric": 500.13595917541727,
    "tct_control_strength": 1.0,
    "tct_precursor": 0.40000923841596,
    "tct_upstream_factor": 1.0,
    "tct_risk_R": 1.0,
    "tct_risk_H": 1.5397359933260136e-05,
    "tct_n_used": 1.0,
    "tct_B_used": 8.187965155630192,
    "tct_Te_used": 16.952764282585463,
    "TBR": 1.794086684390345,
    "fail_rate": 0.0,
    "wall_load": 2.2351059243936136,
    "raw_wall_load": 2.6523477219753926,
    "lithium_wall_modifier": 1.186676520798439,
    "performance_boost": 1.0224011824958128,
    "bootstrap_boost": 1.0276093331236236,
    "wall_temp": 15.981497277990101,
    "bootstrap": 0.09304271539983211,
    "blanket_model": "openmc_dataset",
    "blanket_attenuation": 0.6101950399966248,
    "blanket_front_heating_frac": 0.42,
    "capex_billion": 7.410472691840839,
    "annual_revenue_musd": 256299.67363903436,
    "annual_cost_musd": 666.9425422656756
  },
  "score": 194254.99762293612,
  "objectives": {
    "net_electric": 500.13595917541727,
    "bootstrap": 0.09304271539983211,
    "TBR": 1.794086684390345,
    "wall_load": 2.2351059243936136,
    "capex_billion": 7.410472691840839,
    "R": 5.561201030564701,
    "B0": 8.187965155630192
  },
  "feasible": true,
  "rank": 0,
  "crowding": Infinity
}