{
  "ok": true,
  "design": {
    "lithium_thickness": 0.0025515967934181738,
    "li6_frac": 0.036993707419458316,
    "l3": "TiB2",
    "Ti": 33.17395906246972,
    "kappa": 2.001233890039827,
    "l4_pack": 0.8951902752516884,
    "l2_li6": 0.5654303490994252,
    "mc_samples": 293530,
    "l3_pack": 0.9568564330491398,
    "blanket_thickness": 0.4571093332678271,
    "l2": "W_Ti_B4C_Cr_55_25_10_10_wt",
    "Ip": 30.0,
    "l1_li6": 0.06695592238036943,
    "split": [
      0.31994920173548974,
      0.28812485991740006,
      0.2666480842544471,
      0.12527785409266315
    ],
    "cooling_eff": 0.5374423522001812,
    "Te": 15.934086656714037,
    "a": 2.2224142106895615,
    "R": 7.7857520078725235,
    "H98": 0.9701622548645996,
    "l4": "Li2O",
    "mult_frac": 0.3393758579637283,
    "fG": 0.6634682588595873,
    "B0": 9.5,
    "l1": "Pb",
    "l1_pack": 1.2377007098982635,
    "l3_li6": 0.09169908432133156,
    "reconn_trigger": 0.9413682206871358,
    "l2_pack": 0.8532510073661304,
    "conf_trigger": 1.2467047732682635,
    "lithium_velocity": 5.09891482531432,
    "coolant_outlet_K": 877.3387445758503,
    "liquid_wall_li6_enrich": 0.6482384512982091,
    "l4_li6": 0.6065714119207892,
    "frac_cap": 0.7790110336780601
  },
  "result": {
    "score": -3819187.0286064073,
    "net_electric": 4811.258233245445,
    "tct_control_strength": 0.19202345352112998,
    "tct_precursor": 0.4000107187744393,
    "tct_upstream_factor": 1.0,
    "tct_risk_R": 1.0,
    "tct_risk_H": 1.7864624065405313e-05,
    "tct_n_used": 1.0,
    "tct_B_used": 9.5,
    "tct_Te_used": 15.934086656714037,
    "TBR": 1.756659831773599,
    "fail_rate": 0.0,
    "wall_load": 11.074720314052213,
    "raw_wall_load": 13.904887201630256,
    "lithium_wall_modifier": 1.2555519965580506,
    "performance_boost": 1.0306662395869661,
    "bootstrap_boost": 1.025555199655805,
    "wall_temp": 336.4073909683183,
    "bootstrap": 0.5356233614053466,
    "blanket_model": "openmc_dataset",
    "blanket_attenuation": 0.7817924656252575,
    "blanket_front_heating_frac": 0.42,
    "capex_billion": 22.37540270746987,
    "annual_revenue_musd": 2465577.3942089602,
    "annual_cost_musd": 2013.7862436722885
  },
  "score": -3819267.336516679,
  "objectives": {
    "net_electric": 4811.258233245445,
    "bootstrap": 0.5356233614053466,
    "TBR": 1.756659831773599,
    "wall_load": 11.074720314052213,
    "capex_billion": 22.37540270746987,
    "R": 7.7857520078725235,
    "B0": 9.5
  },
  "feasible": true,
  "rank": 0,
  "crowding": Infinity
}