{
  "ok": true,
  "design": {
    "lithium_thickness": 0.0038931868364541185,
    "li6_frac": 0.21546874299186033,
    "l3": "SiC",
    "Ti": 38.547049683183566,
    "l4_pack": 0.854018698781886,
    "kappa": 1.8681708314897663,
    "l2_li6": 0.4263352392248109,
    "mc_samples": 208146,
    "l3_pack": 1.294705331224421,
    "blanket_thickness": 0.8117162614659664,
    "l2": "Li2TiO3",
    "Ip": 22.840244280827946,
    "l1_li6": 0.3918859818288782,
    "split": [
      0.010589237332678553,
      0.1393823229730977,
      0.5126532880541824,
      0.33737515164004134
    ],
    "cooling_eff": 0.3719152446642634,
    "Te": 28.32975501735107,
    "a": 2.6963789749766063,
    "R": 12.0,
    "H98": 1.1509109618111968,
    "l4": "Be12Ti",
    "mult_frac": 0.14568761795987428,
    "fG": 0.8246471233846666,
    "B0": 6.543776384782748,
    "l1": "Pb",
    "l1_pack": 1.1138193355085324,
    "l3_li6": 0.6845954478127263,
    "reconn_trigger": 0.5700887525540708,
    "l2_pack": 0.9287096007834529,
    "conf_trigger": 0.8552780871406103,
    "lithium_velocity": 6.0,
    "coolant_outlet_K": 1226.7935959464235,
    "liquid_wall_li6_enrich": 0.769497059682827,
    "l4_li6": -0.25557752070798967,
    "frac_cap": 0.5662135337436885
  },
  "result": {
    "score": 513786.53159943677,
    "net_electric": 3052.2201088476863,
    "tct_control_strength": 1.0,
    "tct_precursor": 0.40000738329084734,
    "tct_upstream_factor": 1.0,
    "tct_risk_R": 1.0,
    "tct_risk_H": 1.2305484745496933e-05,
    "tct_n_used": 1.0,
    "tct_B_used": 6.543776384782748,
    "tct_Te_used": 28.32975501735107,
    "TBR": 1.7796288907345073,
    "fail_rate": 0.0,
    "wall_load": 4.813538673180259,
    "raw_wall_load": 6.284551802252058,
    "lithium_wall_modifier": 1.3055991088776095,
    "performance_boost": 1.0366718930653132,
    "bootstrap_boost": 1.038038738290841,
    "wall_temp": 223.09530237128826,
    "bootstrap": 0.8823329275472147,
    "blanket_model": "openmc_dataset",
    "blanket_attenuation": 0.6905420654217231,
    "blanket_front_heating_frac": 0.42,
    "capex_billion": 16.670500294681272,
    "annual_revenue_musd": 1564140.7169800855,
    "annual_cost_musd": 1500.3450265213146
  },
  "score": 513958.3655448936,
  "objectives": {
    "net_electric": 3052.2201088476863,
    "bootstrap": 0.8823329275472147,
    "TBR": 1.7796288907345073,
    "wall_load": 4.813538673180259,
    "capex_billion": 16.670500294681272,
    "R": 12.0,
    "B0": 6.543776384782748
  },
  "feasible": true,
  "rank": 0,
  "crowding": Infinity
}