{
  "ok": true,
  "design": {
    "R": 5.553207981276829,
    "a": 2.157041716039854,
    "kappa": 2.3281153342809993,
    "B0": 7.662372264822986,
    "Ip": 17.43633745448862,
    "Ti": 25.827388085867405,
    "Te": 12.092099567463304,
    "H98": 1.3804618516905398,
    "fG": 0.84895690876295,
    "frac_cap": 0.8327220426862056,
    "reconn_trigger": 0.7626125422011621,
    "conf_trigger": 0.7440970428952545,
    "lithium_thickness": 0.0025680668684836755,
    "lithium_velocity": 6.0,
    "liquid_wall_li6_enrich": 0.6612038363516443,
    "blanket_thickness": 1.28148605792056,
    "l1": "Li",
    "l1_li6": 0.9,
    "l1_pack": 1.0,
    "l2": "PbLi",
    "l2_li6": 0.3,
    "l2_pack": 1.0,
    "l3": "Pb",
    "l3_li6": 0.0,
    "l3_pack": 1.0,
    "l4": "TiB2",
    "l4_li6": 0.0,
    "l4_pack": 0.9767329077878538,
    "split": [
      0.26383198885595766,
      0.16892515232810107,
      0.5100903255853355,
      0.057152533230605713
    ],
    "li6_frac": 0.6849028898938605,
    "mult_frac": 0.13426703214862662,
    "cooling_eff": 0.4672445656325401,
    "coolant_outlet_K": 934.4633684840347,
    "mc_samples": 300000
  },
  "result": {
    "score": 246639.80778596248,
    "net_electric": 511.2954502163558,
    "tct_control_strength": 1.0,
    "tct_precursor": 0.40000864539368175,
    "tct_upstream_factor": 1.0,
    "tct_risk_R": 1.0,
    "tct_risk_H": 1.44089894695001e-05,
    "tct_n_used": 1.0,
    "tct_B_used": 7.662372264822986,
    "tct_Te_used": 12.092099567463304,
    "TBR": 1.7978938500353445,
    "fail_rate": 0.0,
    "wall_load": 3.1125673841596977,
    "raw_wall_load": 3.949240213199034,
    "lithium_wall_modifier": 1.2688047279867047,
    "performance_boost": 1.0322565673584045,
    "bootstrap_boost": 1.0358178873244475,
    "wall_temp": 95.15810922837406,
    "bootstrap": 0.23001265615665356,
    "blanket_model": "openmc_dataset",
    "blanket_attenuation": 0.5858462964758213,
    "blanket_front_heating_frac": 0.42,
    "capex_billion": 7.28242773404682,
    "annual_revenue_musd": 262018.4664178737,
    "annual_cost_musd": 655.4184960642137
  },
  "score": 246817.3862899847,
  "objectives": {
    "net_electric": 511.2954502163558,
    "bootstrap": 0.23001265615665356,
    "TBR": 1.7978938500353445,
    "wall_load": 3.1125673841596977,
    "capex_billion": 7.28242773404682,
    "R": 5.553207981276829,
    "B0": 7.662372264822986
  },
  "feasible": true,
  "rank": 0,
  "crowding": Infinity
}