{
  "ok": true,
  "design": {
    "lithium_thickness": 0.00745687578378433,
    "li6_frac": 0.38158125339225696,
    "l3": "Pb",
    "Ti": 32.529133460840015,
    "kappa": 2.3156731899823177,
    "l4_pack": 0.9933276451214603,
    "l2_li6": 0.6547562642966208,
    "mc_samples": 212333,
    "l3_pack": 1.0452394716241993,
    "blanket_thickness": 0.47517653260368564,
    "l2": "Li2O",
    "Ip": 19.125679668086043,
    "l1_li6": 0.5970382032188492,
    "split": [
      0.24732076929279587,
      0.04922088240045713,
      0.30509159007605635,
      0.39836675823069073
    ],
    "cooling_eff": 0.49181436369760406,
    "Te": 19.928315265056163,
    "a": 2.2384137912593327,
    "R": 4.0,
    "H98": 1.1372738519386028,
    "l4": "W",
    "mult_frac": 0.278277072901605,
    "fG": 0.7485301060275704,
    "B0": 8.384738912151679,
    "l1": "Li",
    "l1_pack": 1.6823090766525644,
    "l3_li6": -0.0030203666178762233,
    "reconn_trigger": 0.7130090872118332,
    "l2_pack": 1.0918842835542824,
    "conf_trigger": 0.33692933916848244,
    "lithium_velocity": 3.1677895927990294,
    "coolant_outlet_K": 875.7850682053376,
    "liquid_wall_li6_enrich": 0.2994099133317397,
    "l4_li6": 0.13260396746662767,
    "frac_cap": 0.7487796804361543
  },
  "result": {
    "score": 513306.4379718322,
    "net_electric": 1001.8215510786156,
    "tct_control_strength": 0.0,
    "tct_precursor": 0.40000946043422436,
    "tct_upstream_factor": 0.65,
    "tct_risk_R": 1.0,
    "tct_risk_H": 1.5767390373912134e-05,
    "tct_n_used": 1.0,
    "tct_B_used": 8.384738912151679,
    "tct_Te_used": 19.928315265056163,
    "TBR": 1.7582103767726125,
    "fail_rate": 0.0,
    "wall_load": 5.270651180039715,
    "raw_wall_load": 6.947835148434036,
    "lithium_wall_modifier": 1.3182119079983745,
    "performance_boost": 1.038185428959805,
    "bootstrap_boost": 1.0347329971614916,
    "wall_temp": 467.8879898715768,
    "bootstrap": 0.09488689539995383,
    "blanket_model": "openmc_dataset",
    "blanket_attenuation": 0.7768643833491498,
    "blanket_front_heating_frac": 0.42,
    "capex_billion": 9.717534044133957,
    "annual_revenue_musd": 513393.47206574725,
    "annual_cost_musd": 874.5780639720563
  },
  "score": 513472.25122270425,
  "objectives": {
    "net_electric": 1001.8215510786156,
    "bootstrap": 0.09488689539995383,
    "TBR": 1.7582103767726125,
    "wall_load": 5.270651180039715,
    "capex_billion": 9.717534044133957,
    "R": 4.0,
    "B0": 8.384738912151679
  },
  "feasible": true,
  "rank": 0,
  "crowding": Infinity
}