{
  "ok": true,
  "design": {
    "lithium_thickness": 0.0005,
    "li6_frac": 0.20239276650801818,
    "l3": "W_Ti_B4C_60_30_10_wt",
    "Ti": 33.10304102684749,
    "l4_pack": 0.7698394852317473,
    "kappa": 2.5339814681033306,
    "l2_li6": 0.2629463646369219,
    "mc_samples": 277527,
    "l3_pack": 1.1390480165333703,
    "blanket_thickness": 0.981597662005333,
    "l2": "Li2TiO3",
    "Ip": 30.0,
    "l1_li6": 0.2132664415627469,
    "split": [
      0.31785036373472686,
      0.26435345022911205,
      0.11348940954333497,
      0.30430677649282606
    ],
    "cooling_eff": 0.5530620028827795,
    "Te": 25.381320467783066,
    "a": 2.5167644841162105,
    "R": 7.142211014470941,
    "H98": 1.1118326028577348,
    "l4": "Li",
    "mult_frac": 0.34814487737537697,
    "fG": 0.8847250820788857,
    "B0": 7.4141370725490425,
    "l1": "Li4SiO4",
    "l1_pack": 1.1328433667217195,
    "l3_li6": -0.34936775975051454,
    "reconn_trigger": 0.6352897451830202,
    "l2_pack": 0.8516385624534493,
    "conf_trigger": 0.5365033228570641,
    "lithium_velocity": 4.0364658671501354,
    "coolant_outlet_K": 801.469297049508,
    "liquid_wall_li6_enrich": 0.6257619245620234,
    "l4_li6": 0.955727930277166,
    "frac_cap": 0.6121811866276778
  },
  "result": {
    "score": -5609445.714543287,
    "net_electric": 4515.816842119678,
    "tct_control_strength": 1.0,
    "tct_precursor": 0.40000836531188866,
    "tct_upstream_factor": 1.0,
    "tct_risk_R": 1.0,
    "tct_risk_H": 1.3942186481102456e-05,
    "tct_n_used": 1.0,
    "tct_B_used": 7.4141370725490425,
    "tct_Te_used": 25.381320467783066,
    "TBR": 1.7872301015079755,
    "fail_rate": 0.0,
    "wall_load": 11.300676379419583,
    "raw_wall_load": 13.197369934692755,
    "lithium_wall_modifier": 1.1678389409263474,
    "performance_boost": 1.0201406729111617,
    "bootstrap_boost": 1.027867399017368,
    "wall_temp": 67.26593082987849,
    "bootstrap": 0.31804252374543474,
    "blanket_model": "openmc_dataset",
    "blanket_attenuation": 0.6506802805348639,
    "blanket_front_heating_frac": 0.42,
    "capex_billion": 20.772304749735948,
    "annual_revenue_musd": 2314175.49891265,
    "annual_cost_musd": 1869.5074274762355
  },
  "score": -5609535.797512862,
  "objectives": {
    "net_electric": 4515.816842119678,
    "bootstrap": 0.31804252374543474,
    "TBR": 1.7872301015079755,
    "wall_load": 11.300676379419583,
    "capex_billion": 20.772304749735948,
    "R": 7.142211014470941,
    "B0": 7.4141370725490425
  },
  "feasible": true,
  "rank": 0,
  "crowding": Infinity
}