{
  "ok": true,
  "design": {
    "lithium_thickness": 0.00869986485896208,
    "li6_frac": 0.0509176805755141,
    "l3": "Pb",
    "Ti": 34.04800342699951,
    "l4_pack": 0.9782020896390288,
    "kappa": 2.147650567035302,
    "l2_li6": 0.5930909815672282,
    "mc_samples": 300000,
    "l3_pack": 1.0725766547739326,
    "blanket_thickness": 1.6,
    "l2": "Li2TiO3",
    "Ip": 21.678587204358944,
    "l1_li6": 0.2876406073004263,
    "split": [
      0.41536200210409624,
      0.19720236915373693,
      0.29121078763354363,
      0.09622484110862317
    ],
    "cooling_eff": 0.8122472780713608,
    "Te": 28.173132404420404,
    "a": 2.274005034742144,
    "R": 5.564189905684158,
    "H98": 1.1389874035862706,
    "l4": "Pb",
    "mult_frac": 0.8573380374484973,
    "fG": 0.9052431971857142,
    "B0": 5.7213325348303625,
    "l1": "Li",
    "l1_pack": 1.0539575785901318,
    "l3_li6": 0.4027004908976287,
    "reconn_trigger": 0.6452782799093384,
    "l2_pack": 1.4353631070127915,
    "conf_trigger": 0.7143976599664639,
    "lithium_velocity": 4.080812339127464,
    "coolant_outlet_K": 773.0466179637724,
    "liquid_wall_li6_enrich": 1.1085165643989652,
    "l4_li6": 0.015893316089351937,
    "frac_cap": 0.6861354180874654
  },
  "result": {
    "score": 145531.35930313554,
    "net_electric": 3028.6681209919134,
    "tct_control_strength": 1.0,
    "tct_precursor": 0.4000064553339929,
    "tct_upstream_factor": 1.0,
    "tct_risk_R": 1.0,
    "tct_risk_H": 1.0758889988201777e-05,
    "tct_n_used": 1.0,
    "tct_B_used": 5.7213325348303625,
    "tct_Te_used": 28.173132404420404,
    "TBR": 1.8067731682077173,
    "fail_rate": 0.0,
    "wall_load": 8.664174657510218,
    "raw_wall_load": 11.674198178739879,
    "lithium_wall_modifier": 1.347410300486098,
    "performance_boost": 1.0416892360583319,
    "bootstrap_boost": 1.0470556218797527,
    "wall_temp": 897.3470075569398,
    "bootstrap": 0.5583741880735453,
    "blanket_model": "openmc_dataset",
    "blanket_attenuation": 0.5240450127053347,
    "blanket_front_heating_frac": 0.42,
    "capex_billion": 15.986560584767922,
    "annual_revenue_musd": 1552071.2652835161,
    "annual_cost_musd": 1438.7904526291131
  },
  "score": 145658.7411570138,
  "objectives": {
    "net_electric": 3028.6681209919134,
    "bootstrap": 0.5583741880735453,
    "TBR": 1.8067731682077173,
    "wall_load": 8.664174657510218,
    "capex_billion": 15.986560584767922,
    "R": 5.564189905684158,
    "B0": 5.7213325348303625
  },
  "feasible": true,
  "rank": 0,
  "crowding": Infinity
}