{
  "ok": true,
  "design": {
    "R": 5.111352409955871,
    "a": 1.8050162737067723,
    "kappa": 1.884558079955566,
    "B0": 9.5,
    "Ip": 18.83500971873606,
    "Ti": 32.081499644463335,
    "Te": 15.477975257316448,
    "H98": 1.1979721159338124,
    "fG": 0.616658393259705,
    "frac_cap": 0.7583600300523121,
    "reconn_trigger": 0.5597523918263143,
    "conf_trigger": 0.5732094040782774,
    "lithium_thickness": 0.0011783071344295057,
    "lithium_velocity": 6.0,
    "liquid_wall_li6_enrich": 0.8256917301590722,
    "blanket_thickness": 1.1787836742107816,
    "l1": "W",
    "l1_li6": 0.0,
    "l1_pack": 1.0,
    "l2": "PbLi",
    "l2_li6": 0.9,
    "l2_pack": 1.0,
    "l3": "TiB2",
    "l3_li6": 0.0,
    "l3_pack": 0.6354546553816246,
    "l4": "Li2TiO3",
    "l4_li6": 0.9,
    "l4_pack": 0.7023309947153074,
    "split": [
      0.33086429627009345,
      0.03468272905462041,
      0.3047763802175975,
      0.3296765944576886
    ],
    "li6_frac": 0.5359630887223884,
    "mult_frac": 0.38586825963539856,
    "cooling_eff": 0.46255034918352056,
    "coolant_outlet_K": 958.8309734887594,
    "mc_samples": 300000
  },
  "result": {
    "score": 537060.5742057017,
    "net_electric": 1047.5432875198978,
    "tct_control_strength": 1.0,
    "tct_precursor": 0.4000107187744393,
    "tct_upstream_factor": 1.0,
    "tct_risk_R": 1.0,
    "tct_risk_H": 1.7864624065405313e-05,
    "tct_n_used": 1.0,
    "tct_B_used": 9.5,
    "tct_Te_used": 15.477975257316448,
    "TBR": 1.7945523644724486,
    "fail_rate": 0.0,
    "wall_load": 5.626928709037351,
    "raw_wall_load": 6.879807203879559,
    "lithium_wall_modifier": 1.2226576094397594,
    "performance_boost": 1.0267189131327712,
    "bootstrap_boost": 1.022265760943976,
    "wall_temp": 78.93155050934428,
    "bootstrap": 0.31945305120139994,
    "blanket_model": "openmc_dataset",
    "blanket_attenuation": 0.607288093310197,
    "blanket_front_heating_frac": 0.42,
    "capex_billion": 10.406815681512661,
    "annual_revenue_musd": 536824.0331224469,
    "annual_cost_musd": 936.6134113361396
  },
  "score": 537237.0789077918,
  "objectives": {
    "net_electric": 1047.5432875198978,
    "bootstrap": 0.31945305120139994,
    "TBR": 1.7945523644724486,
    "wall_load": 5.626928709037351,
    "capex_billion": 10.406815681512661,
    "R": 5.111352409955871,
    "B0": 9.5
  },
  "feasible": true,
  "rank": 0,
  "crowding": Infinity
}