{
  "ok": true,
  "design": {
    "lithium_thickness": 0.0005,
    "li6_frac": 0.30168191988428267,
    "l3": "Pb",
    "Ti": 31.266033340456648,
    "l4_pack": 0.9849530262303744,
    "l2_li6": 0.7337412508668424,
    "mc_samples": 261123,
    "l3_pack": 0.7007248884352573,
    "blanket_thickness": 0.9601095658335075,
    "l2": "Li2TiO3",
    "Ip": 16.66682375621728,
    "l1_li6": 0.7614742597380486,
    "split": [
      0.41536200210409624,
      0.19720236915373693,
      0.29121078763354363,
      0.09622484110862317
    ],
    "cooling_eff": 0.8744091419744504,
    "Te": 20.706208217684182,
    "a": 2.3853714663710495,
    "R": 4.0,
    "H98": 1.2917405400517312,
    "liquid_wall_li6_enrich": 0.6052565464754485,
    "l4": "W",
    "mult_frac": 0.5977001537664869,
    "fG": 0.9511043036504292,
    "B0": 9.5,
    "l1": "Pb",
    "l1_pack": 1.6273309506710674,
    "l3_li6": 0.10006299049256137,
    "reconn_trigger": 0.7530024336815085,
    "l2_pack": 0.8030931211564714,
    "conf_trigger": 0.9888695268248351,
    "lithium_velocity": 3.3518621900276937,
    "coolant_outlet_K": 912.099283617237,
    "kappa": 1.6077515366926147,
    "l4_li6": 0.10297026879597544,
    "frac_cap": 0.95
  },
  "result": {
    "score": 602406.8718568553,
    "net_electric": 1175.7905742992955,
    "tct_control_strength": 1.0,
    "tct_precursor": 0.4000107187744393,
    "tct_upstream_factor": 1.0,
    "tct_risk_R": 1.0,
    "tct_risk_H": 1.7864624065405313e-05,
    "tct_n_used": 1.0,
    "tct_B_used": 9.5,
    "tct_Te_used": 20.706208217684182,
    "TBR": 1.7863447390949867,
    "fail_rate": 0.0,
    "wall_load": 5.7944984679991896,
    "raw_wall_load": 6.688730796587319,
    "lithium_wall_modifier": 1.1543243705260489,
    "performance_boost": 1.0185189244631259,
    "bootstrap_boost": 1.0304986952716306,
    "wall_temp": 34.49106230951899,
    "bootstrap": 0.13679290959672125,
    "blanket_model": "openmc_dataset",
    "blanket_attenuation": 0.655592387105341,
    "blanket_front_heating_frac": 0.42,
    "capex_billion": 10.873333999368757,
    "annual_revenue_musd": 602545.637705417,
    "annual_cost_musd": 978.6000599431881
  },
  "score": 602580.6459209691,
  "objectives": {
    "net_electric": 1175.7905742992955,
    "bootstrap": 0.13679290959672125,
    "TBR": 1.7863447390949867,
    "wall_load": 5.7944984679991896,
    "capex_billion": 10.873333999368757,
    "R": 4.0,
    "B0": 9.5
  },
  "feasible": true,
  "rank": 0,
  "crowding": Infinity
}