{
  "ok": true,
  "design": {
    "lithium_thickness": 0.004435098752766828,
    "li6_frac": 0.39362043747573827,
    "l3": "Pb",
    "Ti": 32.82285840632936,
    "l4_pack": 0.996838133616442,
    "l2_li6": 0.8654927034712645,
    "mc_samples": 300000,
    "l3_pack": 0.9972225579288874,
    "blanket_thickness": 1.6,
    "l2": "Li2O",
    "Ip": 21.252372118875172,
    "l1_li6": 0.8646302612817314,
    "split": [
      0.24732076929279587,
      0.04922088240045713,
      0.30509159007605635,
      0.39836675823069073
    ],
    "cooling_eff": 0.15423801283140182,
    "Te": 10.828632599058444,
    "a": 1.8906247714533162,
    "R": 4.041415992268763,
    "H98": 0.9913113131722977,
    "liquid_wall_li6_enrich": 0.5226219398542926,
    "l4": "W",
    "mult_frac": 0.6118071834232497,
    "fG": 0.7062790141945126,
    "B0": 8.858838122552129,
    "l1": "Li4SiO4",
    "l1_pack": 1.5733685477578268,
    "l3_li6": -0.4339290934739459,
    "reconn_trigger": 0.5792313359752055,
    "l2_pack": 1.0429381123077897,
    "conf_trigger": 0.4573588151805666,
    "lithium_velocity": 5.1863066149903965,
    "coolant_outlet_K": 981.0448688702434,
    "kappa": 2.6,
    "l4_li6": 0.0946737165997683,
    "frac_cap": 0.7502343789957389
  },
  "result": {
    "score": -6489485.811277814,
    "net_electric": 1062.2077630142992,
    "tct_control_strength": 1.0,
    "tct_precursor": 0.4000099953565926,
    "tct_upstream_factor": 1.0,
    "tct_risk_R": 1.0,
    "tct_risk_H": 1.6658927654281555e-05,
    "tct_n_used": 1.0,
    "tct_B_used": 8.858838122552129,
    "tct_Te_used": 10.828632599058444,
    "TBR": 1.8067731682077173,
    "fail_rate": 0.0,
    "wall_load": 11.340769396762019,
    "raw_wall_load": 14.820941805568028,
    "lithium_wall_modifier": 1.3068726897665035,
    "performance_boost": 1.0368247227719805,
    "bootstrap_boost": 1.0310640098283212,
    "wall_temp": 598.7789548451839,
    "bootstrap": 0.14765088623315853,
    "blanket_model": "openmc_dataset",
    "blanket_attenuation": 0.5240450127053347,
    "blanket_front_heating_frac": 0.42,
    "capex_billion": 10.15244357365968,
    "annual_revenue_musd": 544338.9902343077,
    "annual_cost_musd": 913.7199216293711
  },
  "score": -6489572.5505257975,
  "objectives": {
    "net_electric": 1062.2077630142992,
    "bootstrap": 0.14765088623315853,
    "TBR": 1.8067731682077173,
    "wall_load": 11.340769396762019,
    "capex_billion": 10.15244357365968,
    "R": 4.041415992268763,
    "B0": 8.858838122552129
  },
  "feasible": true,
  "rank": 0,
  "crowding": Infinity
}