{
  "ok": true,
  "design": {
    "R": 7.7807977715070304,
    "a": 2.8,
    "kappa": 2.0544619773474966,
    "B0": 7.362899024661895,
    "Ip": 27.15030113027712,
    "Ti": 35.24982210831452,
    "Te": 10.183200208302264,
    "H98": 1.203508698668675,
    "fG": 0.821435364684545,
    "frac_cap": 0.6905616859042123,
    "reconn_trigger": 0.7226203343980135,
    "conf_trigger": 0.6047250876834067,
    "lithium_thickness": 0.0009565731870853449,
    "lithium_velocity": 6.0,
    "liquid_wall_li6_enrich": 0.8681621546600327,
    "blanket_thickness": 1.1767066448033567,
    "l1": "W_Ti_B4C_60_30_10_wt",
    "l1_li6": 0.0,
    "l1_pack": 1.0,
    "l2": "Li",
    "l2_li6": 0.3,
    "l2_pack": 1.0,
    "l3": "W",
    "l3_li6": 0.0,
    "l3_pack": 1.0,
    "l4": "SiC",
    "l4_li6": 0.0,
    "l4_pack": 0.9896021681417492,
    "split": [
      0.3321289838980391,
      0.36328551487904304,
      0.0714779974259172,
      0.23310750379700057
    ],
    "li6_frac": 0.32673251240605256,
    "mult_frac": 0.3211311391344001,
    "cooling_eff": 0.38194340897406354,
    "coolant_outlet_K": 867.9342080178587,
    "mc_samples": 300000
  },
  "result": {
    "score": 127326.61450069638,
    "net_electric": 2835.5943754488158,
    "tct_control_strength": 1.0,
    "tct_precursor": 0.4000083075004068,
    "tct_upstream_factor": 1.0,
    "tct_risk_R": 1.0,
    "tct_risk_H": 1.3845834011276233e-05,
    "tct_n_used": 1.0,
    "tct_B_used": 7.362899024661895,
    "tct_Te_used": 10.183200208302264,
    "TBR": 1.7944818219900407,
    "fail_rate": 0.0,
    "wall_load": 7.411399613573553,
    "raw_wall_load": 9.003221301606963,
    "lithium_wall_modifier": 1.2147801725760516,
    "performance_boost": 1.0257736207091261,
    "bootstrap_boost": 1.028764139138678,
    "wall_temp": 84.39935891808508,
    "bootstrap": 0.3587288988104458,
    "blanket_model": "openmc_dataset",
    "blanket_attenuation": 0.607729728146247,
    "blanket_front_heating_frac": 0.42,
    "capex_billion": 16.00041367164599,
    "annual_revenue_musd": 1453128.6936425003,
    "annual_cost_musd": 1440.037230448139
  },
  "score": 127502.92264607457,
  "objectives": {
    "net_electric": 2835.5943754488158,
    "bootstrap": 0.3587288988104458,
    "TBR": 1.7944818219900407,
    "wall_load": 7.411399613573553,
    "capex_billion": 16.00041367164599,
    "R": 7.7807977715070304,
    "B0": 7.362899024661895
  },
  "feasible": true,
  "rank": 0,
  "crowding": 0.8076492441711663
}