{
  "ok": true,
  "design": {
    "lithium_thickness": 0.014114716747004534,
    "li6_frac": 0.7713667209035715,
    "l3": "TiB2",
    "Ti": 32.020451166613356,
    "l4_pack": 0.7791680651246519,
    "l2_li6": 1.0782578819661242,
    "mc_samples": 254852,
    "l3_pack": 1.0008454804863727,
    "blanket_thickness": 1.1470409531560573,
    "l2": "Li2O",
    "Ip": 22.13263948699928,
    "l1_li6": 0.46092197964570686,
    "split": [
      0.2934380449303286,
      0.11484164730202964,
      0.401682051384194,
      0.19003825638344773
    ],
    "cooling_eff": 0.5680421459595651,
    "Te": 20.55145478567699,
    "a": 2.5906176945978263,
    "R": 7.086295005544895,
    "H98": 1.2272765813230972,
    "liquid_wall_li6_enrich": 0.46969985773664835,
    "l4": "W",
    "mult_frac": 1.0674644320542443,
    "fG": 0.8564303623675613,
    "B0": 4.0,
    "l1": "Li",
    "l1_pack": 1.0285479948479255,
    "l3_li6": 0.033355759179484454,
    "reconn_trigger": 1.7529651263746129,
    "l2_pack": 1.3998550917190307,
    "conf_trigger": 0.6557396584890949,
    "lithium_velocity": 4.27754647414729,
    "coolant_outlet_K": 714.8021626436423,
    "kappa": 1.8095334654990654,
    "l4_li6": 0.14031854926839657,
    "frac_cap": 0.4364031288963651
  },
  "result": {
    "score": -888214.1361700664,
    "net_electric": 517.779357493861,
    "tct_control_strength": 0.0,
    "tct_precursor": 0.40000451316818497,
    "tct_upstream_factor": 1.0,
    "tct_risk_R": 1.0,
    "tct_risk_H": 7.5219469749075e-06,
    "tct_n_used": 1.0,
    "tct_B_used": 4.0,
    "tct_Te_used": 20.55145478567699,
    "TBR": 1.7934604630036612,
    "fail_rate": 0.0,
    "wall_load": 1.4273765401115357,
    "raw_wall_load": 1.9554007809976908,
    "lithium_wall_modifier": 1.3699263831566793,
    "performance_boost": 1.0443911659788014,
    "bootstrap_boost": 1.0463784600577217,
    "wall_temp": 239.84542327373433,
    "bootstrap": 0.8339136446582406,
    "blanket_model": "openmc_dataset",
    "blanket_attenuation": 0.6140726533855693,
    "blanket_front_heating_frac": 0.42,
    "capex_billion": 6.450815639453187,
    "annual_revenue_musd": 265341.20954130404,
    "annual_cost_musd": 580.5734075507869
  },
  "score": -888037.106093098,
  "objectives": {
    "net_electric": 517.779357493861,
    "bootstrap": 0.8339136446582406,
    "TBR": 1.7934604630036612,
    "wall_load": 1.4273765401115357,
    "capex_billion": 6.450815639453187,
    "R": 7.086295005544895,
    "B0": 4.0
  },
  "feasible": true,
  "rank": 0,
  "crowding": Infinity
}