{
  "ok": true,
  "design": {
    "lithium_thickness": 0.0017528975862751046,
    "li6_frac": 0.32693858251045393,
    "l3": "Pb",
    "Ti": 35.600503129825356,
    "l4_pack": 0.9112020304003485,
    "kappa": 2.320929841822596,
    "l2_li6": 0.6530564027868798,
    "mc_samples": 129590,
    "l3_pack": 0.6839413852606218,
    "blanket_thickness": 1.4769521970651516,
    "l2": "Li2TiO3",
    "Ip": 18.75550372012834,
    "l1_li6": 0.5543006926024209,
    "split": [
      0.18743914256045596,
      0.39645604380752514,
      0.09810744077045863,
      0.3179973728615603
    ],
    "cooling_eff": 0.6423501111345284,
    "Te": 19.7225682259945,
    "a": 2.1917480359099946,
    "R": 4.521172398541893,
    "H98": 1.2545925087353853,
    "l4": "W",
    "mult_frac": 0.5710315996001673,
    "fG": 0.779382906407982,
    "B0": 7.124678541290311,
    "l1": "Li",
    "l1_pack": 2.2815722777082237,
    "l3_li6": 0.12750945590113344,
    "reconn_trigger": 0.7367720519856704,
    "l2_pack": 0.7570435180778037,
    "conf_trigger": 0.6904181552206075,
    "lithium_velocity": 3.1885388356026985,
    "coolant_outlet_K": 847.5489320129752,
    "liquid_wall_li6_enrich": 0.38083289572619516,
    "l4_li6": 0.2319308402421639,
    "frac_cap": 0.7866014142098786
  },
  "result": {
    "score": -2983305.337895345,
    "net_electric": 2607.302355369721,
    "tct_control_strength": 1.0,
    "tct_precursor": 0.4000080387181302,
    "tct_upstream_factor": 1.0,
    "tct_risk_R": 1.0,
    "tct_risk_H": 1.339786355021176e-05,
    "tct_n_used": 1.0,
    "tct_B_used": 7.124678541290311,
    "tct_Te_used": 19.7225682259945,
    "TBR": 1.8035722524205466,
    "fail_rate": 0.0,
    "wall_load": 10.293499399635616,
    "raw_wall_load": 12.300728225099128,
    "lithium_wall_modifier": 1.1949996543968873,
    "performance_boost": 1.0233999585276266,
    "bootstrap_boost": 1.0242629398241676,
    "wall_temp": 214.80297918982754,
    "bootstrap": 0.21144446608740827,
    "blanket_model": "openmc_dataset",
    "blanket_attenuation": 0.5471069551615595,
    "blanket_front_heating_frac": 0.42,
    "capex_billion": 15.036130148365427,
    "annual_revenue_musd": 1336138.1650327672,
    "annual_cost_musd": 1353.2517133528884
  },
  "score": -2983309.579004004,
  "objectives": {
    "net_electric": 2607.302355369721,
    "bootstrap": 0.21144446608740827,
    "TBR": 1.8035722524205466,
    "wall_load": 10.293499399635616,
    "capex_billion": 15.036130148365427,
    "R": 4.521172398541893,
    "B0": 7.124678541290311
  },
  "feasible": true,
  "rank": 0,
  "crowding": Infinity
}