{
  "ok": true,
  "design": {
    "lithium_thickness": 0.018690347310217098,
    "li6_frac": 0.26535159173142886,
    "l3": "Pb",
    "Ti": 37.38942347618082,
    "l4_pack": 1.2449680238008813,
    "l2_li6": 0.8149047349337984,
    "mc_samples": 235572,
    "l3_pack": 0.6210611098351435,
    "blanket_thickness": 1.6,
    "l2": "Li2TiO3",
    "Ip": 11.153411687691673,
    "l1_li6": 0.5002675765204566,
    "split": [
      0.18743914256045596,
      0.39645604380752514,
      0.09810744077045863,
      0.3179973728615603
    ],
    "cooling_eff": 0.5348114153502412,
    "Te": 13.125348656971273,
    "a": 2.6090165283438957,
    "R": 4.0,
    "H98": 1.2745156761477547,
    "liquid_wall_li6_enrich": 0.4657669722170946,
    "l4": "W",
    "mult_frac": 0.6122915551286957,
    "fG": 0.916802245400455,
    "B0": 7.166310257472303,
    "l1": "Li",
    "l1_pack": 1.4470388127658822,
    "l3_li6": -0.052166115002680535,
    "reconn_trigger": 0.6736663146963873,
    "l2_pack": 1.290068310502576,
    "conf_trigger": 1.1194789964717744,
    "lithium_velocity": 2.420923796339855,
    "coolant_outlet_K": 860.9941304873223,
    "kappa": 2.6,
    "l4_li6": 0.08995992874698833,
    "frac_cap": 0.763147482761326
  },
  "result": {
    "score": -575937.2277672414,
    "net_electric": 893.8750707785056,
    "tct_control_strength": 0.7319973133201014,
    "tct_precursor": 0.4000080856908644,
    "tct_upstream_factor": 1.0,
    "tct_risk_R": 1.0,
    "tct_risk_H": 1.3476151440610595e-05,
    "tct_n_used": 1.0,
    "tct_B_used": 7.166310257472303,
    "tct_Te_used": 13.125348656971273,
    "TBR": 1.8067731682077173,
    "fail_rate": 0.0,
    "wall_load": 3.4352349511019313,
    "raw_wall_load": 4.5788386496107405,
    "lithium_wall_modifier": 1.3329040705474808,
    "performance_boost": 1.0399484884656978,
    "bootstrap_boost": 1.0462985417787756,
    "wall_temp": 764.3539800987112,
    "bootstrap": 0.052314927088938784,
    "blanket_model": "openmc_dataset",
    "blanket_attenuation": 0.5240450127053347,
    "blanket_front_heating_frac": 0.42,
    "capex_billion": 8.835654622331829,
    "annual_revenue_musd": 458075.218771153,
    "annual_cost_musd": 795.2089160098647
  },
  "score": -575755.4130889745,
  "objectives": {
    "net_electric": 893.8750707785056,
    "bootstrap": 0.052314927088938784,
    "TBR": 1.8067731682077173,
    "wall_load": 3.4352349511019313,
    "capex_billion": 8.835654622331829,
    "R": 4.0,
    "B0": 7.166310257472303
  },
  "feasible": true,
  "rank": 0,
  "crowding": Infinity
}