{
  "ok": true,
  "design": {
    "R": 6.180991886321954,
    "a": 1.7031378858643305,
    "kappa": 2.013875248585456,
    "B0": 9.5,
    "Ip": 21.096562181508993,
    "Ti": 27.750262869461725,
    "Te": 24.5996209862261,
    "H98": 1.0491472439846379,
    "fG": 0.8794020602067711,
    "frac_cap": 0.6838644948646786,
    "reconn_trigger": 0.7571657291730474,
    "conf_trigger": 0.6684967870653982,
    "lithium_thickness": 0.0017900343664142872,
    "lithium_velocity": 6.0,
    "liquid_wall_li6_enrich": 0.7101630171066563,
    "blanket_thickness": 0.500533449264296,
    "l1": "TiB2",
    "l1_li6": 0.0,
    "l1_pack": 0.6084049383085472,
    "l2": "Li4SiO4",
    "l2_li6": 0.6,
    "l2_pack": 0.9922284555835325,
    "l3": "TiB2",
    "l3_li6": 0.0,
    "l3_pack": 0.8850444795539878,
    "l4": "SiC",
    "l4_li6": 0.0,
    "l4_pack": 0.9298702382500857,
    "split": [
      0.2966624851873207,
      0.11599272073995374,
      0.18379923216052033,
      0.4035455619122053
    ],
    "li6_frac": 0.6125588026443092,
    "mult_frac": 0.24112677791406123,
    "cooling_eff": 0.46518032221511846,
    "coolant_outlet_K": 1036.6185622705352,
    "mc_samples": 300000
  },
  "result": {
    "score": 62901.730570181426,
    "net_electric": 1447.011280620839,
    "tct_control_strength": 1.0,
    "tct_precursor": 0.4000107187744393,
    "tct_upstream_factor": 1.0,
    "tct_risk_R": 1.0,
    "tct_risk_H": 1.7864624065405313e-05,
    "tct_n_used": 1.0,
    "tct_B_used": 9.5,
    "tct_Te_used": 24.5996209862261,
    "TBR": 1.760289890701078,
    "fail_rate": 0.0,
    "wall_load": 8.004906907005376,
    "raw_wall_load": 9.956136715207526,
    "lithium_wall_modifier": 1.2437542161164372,
    "performance_boost": 1.0292505059339725,
    "bootstrap_boost": 1.03513954522405,
    "wall_temp": 170.58402932722285,
    "bootstrap": 0.66940238937236,
    "blanket_model": "openmc_dataset",
    "blanket_attenuation": 0.7700002777012057,
    "blanket_front_heating_frac": 0.42,
    "capex_billion": 12.036487132894424,
    "annual_revenue_musd": 741535.400866955,
    "annual_cost_musd": 1083.283841960498
  },
  "score": 63066.76965984228,
  "objectives": {
    "net_electric": 1447.011280620839,
    "bootstrap": 0.66940238937236,
    "TBR": 1.760289890701078,
    "wall_load": 8.004906907005376,
    "capex_billion": 12.036487132894424,
    "R": 6.180991886321954,
    "B0": 9.5
  },
  "feasible": true,
  "rank": 0,
  "crowding": Infinity
}