{
  "ok": true,
  "design": {
    "lithium_thickness": 0.015955699193702134,
    "li6_frac": 0.24073635525796577,
    "l3": "TiB2",
    "Ti": 34.080602083515245,
    "l4_pack": 0.8698275712354516,
    "kappa": 2.361416346846872,
    "l2_li6": 0.8061806830038544,
    "mc_samples": 300000,
    "l3_pack": 1.0377177408632672,
    "blanket_thickness": 0.4159862650147057,
    "l2": "Pb",
    "Ip": 18.48718450299134,
    "l1_li6": 0.5879588585864709,
    "split": [
      0.24732076929279587,
      0.04922088240045713,
      0.30509159007605635,
      0.39836675823069073
    ],
    "cooling_eff": 0.44849893214702746,
    "Te": 19.782991954657927,
    "a": 2.3741351410598632,
    "R": 5.918972794425975,
    "H98": 1.159089786971393,
    "l4": "W",
    "mult_frac": 0.6234989077916033,
    "fG": 0.8779827030846304,
    "B0": 4.0,
    "l1": "Li",
    "l1_pack": 1.7777229931949683,
    "l3_li6": -0.011568396641737325,
    "reconn_trigger": 0.8890864115786967,
    "l2_pack": 1.1954772336758652,
    "conf_trigger": 0.5053999593380784,
    "lithium_velocity": 1.4616144103512998,
    "coolant_outlet_K": 844.7726972697787,
    "liquid_wall_li6_enrich": 0.34173337009552107,
    "l4_li6": -0.00844365405727851,
    "frac_cap": 0.8979602429364528
  },
  "result": {
    "score": -2476833.9206549968,
    "net_electric": 3174.1969608061963,
    "tct_control_strength": 1.0,
    "tct_precursor": 0.40000451316818497,
    "tct_upstream_factor": 1.0,
    "tct_risk_R": 1.0,
    "tct_risk_H": 7.5219469749075e-06,
    "tct_n_used": 1.0,
    "tct_B_used": 4.0,
    "tct_Te_used": 19.782991954657927,
    "TBR": 1.7528890333674787,
    "fail_rate": 0.0,
    "wall_load": 10.196588619398188,
    "raw_wall_load": 13.267615065177267,
    "lithium_wall_modifier": 1.3011817540561261,
    "performance_boost": 1.036141810486735,
    "bootstrap_boost": 1.0407971375906904,
    "wall_temp": 1936.8297715838576,
    "bootstrap": 0.8846775669520868,
    "blanket_model": "openmc_dataset",
    "blanket_attenuation": 0.7931262305481017,
    "blanket_front_heating_frac": 0.42,
    "capex_billion": 16.06892284567252,
    "annual_revenue_musd": 1626648.9745347435,
    "annual_cost_musd": 1446.2030561105269
  },
  "score": -2476846.414969472,
  "objectives": {
    "net_electric": 3174.1969608061963,
    "bootstrap": 0.8846775669520868,
    "TBR": 1.7528890333674787,
    "wall_load": 10.196588619398188,
    "capex_billion": 16.06892284567252,
    "R": 5.918972794425975,
    "B0": 4.0
  },
  "feasible": true,
  "rank": 0,
  "crowding": Infinity
}