{
  "ok": true,
  "design": {
    "lithium_thickness": 0.006585005876326351,
    "li6_frac": 0.8727268922295215,
    "l3": "Pb",
    "Ti": 35.49140145167144,
    "l4_pack": 0.933991240707372,
    "kappa": 2.051646447414842,
    "l2_li6": -0.23939550452539238,
    "mc_samples": 82023,
    "l3_pack": 1.0033486931865379,
    "blanket_thickness": 1.2781314523100797,
    "l2": "PbLi",
    "Ip": 19.859855750112445,
    "l1_li6": 0.48327425535104074,
    "split": [
      0.26383198885595766,
      0.16892515232810107,
      0.5100903255853355,
      0.057152533230605713
    ],
    "cooling_eff": 0.5723301761159902,
    "Te": 12.157501804433975,
    "a": 2.345512304329673,
    "R": 9.260859370696297,
    "H98": 1.2767373088471912,
    "l4": "TiB2",
    "mult_frac": -0.04601852790311502,
    "fG": 0.8636078456403413,
    "B0": 8.014318603289494,
    "l1": "Li",
    "l1_pack": 1.1106555729092586,
    "l3_li6": 0.5765539658628576,
    "reconn_trigger": 0.6096107863137039,
    "l2_pack": 0.8569349125922052,
    "conf_trigger": 0.7810090487442846,
    "lithium_velocity": 6.0,
    "coolant_outlet_K": 1105.9017494798084,
    "liquid_wall_li6_enrich": 0.7023447803196451,
    "l4_li6": 0.026156984234607356,
    "frac_cap": 0.8294134373171445
  },
  "result": {
    "score": -54684.74915650159,
    "net_electric": 6649.123681233056,
    "tct_control_strength": 1.0,
    "tct_precursor": 0.40000904249193614,
    "tct_upstream_factor": 1.0,
    "tct_risk_R": 1.0,
    "tct_risk_H": 1.5070819893489579e-05,
    "tct_n_used": 1.0,
    "tct_B_used": 8.014318603289494,
    "tct_Te_used": 12.157501804433975,
    "TBR": 1.7977890030364876,
    "fail_rate": 0.0,
    "wall_load": 9.892288850722416,
    "raw_wall_load": 13.413072230498605,
    "lithium_wall_modifier": 1.3559119060215343,
    "performance_boost": 1.0427094287225842,
    "bootstrap_boost": 1.0454076613405738,
    "wall_temp": 775.4854787181517,
    "bootstrap": 0.8250466074691828,
    "blanket_model": "openmc_dataset",
    "blanket_attenuation": 0.586534549585424,
    "blanket_front_heating_frac": 0.42,
    "capex_billion": 26.465699331168107,
    "annual_revenue_musd": 3407409.9216846917,
    "annual_cost_musd": 2381.9129398051296
  },
  "score": -54658.431793343705,
  "objectives": {
    "net_electric": 6649.123681233056,
    "bootstrap": 0.8250466074691828,
    "TBR": 1.7977890030364876,
    "wall_load": 9.892288850722416,
    "capex_billion": 26.465699331168107,
    "R": 9.260859370696297,
    "B0": 8.014318603289494
  },
  "feasible": true,
  "rank": 0,
  "crowding": 1.1434323129063113
}