{
  "ok": true,
  "design": {
    "R": 5.083022197920512,
    "a": 2.7434500710203062,
    "kappa": 1.718725232937222,
    "B0": 9.5,
    "Ip": 19.500895310793105,
    "Ti": 35.49955447175378,
    "Te": 21.513290616434197,
    "H98": 1.0667490834017446,
    "fG": 0.7434942366660069,
    "frac_cap": 0.7042717934710305,
    "reconn_trigger": 0.5920693439369733,
    "conf_trigger": 0.7206600878932867,
    "lithium_thickness": 0.0015999284552212418,
    "lithium_velocity": 4.408867689252615,
    "liquid_wall_li6_enrich": 0.7564815654600637,
    "blanket_thickness": 0.776823695631749,
    "l1": "B4C",
    "l1_li6": 0.0,
    "l1_pack": 0.8387013761347427,
    "l2": "Li2TiO3",
    "l2_li6": 0.3,
    "l2_pack": 0.9820699278688669,
    "l3": "Li4SiO4",
    "l3_li6": 0.6,
    "l3_pack": 0.8025563522177558,
    "l4": "B4C",
    "l4_li6": 0.0,
    "l4_pack": 0.6694590486731874,
    "split": [
      0.46690762181770046,
      0.4580811176676936,
      0.06189223038912754,
      0.013119030125478234
    ],
    "li6_frac": 0.9484797819144262,
    "mult_frac": 0.4895053901571222,
    "cooling_eff": 0.47475137862561606,
    "coolant_outlet_K": 816.0243289689558,
    "mc_samples": 300000
  },
  "result": {
    "score": -714236.3401856755,
    "net_electric": 718.5118917439863,
    "tct_control_strength": 1.0,
    "tct_precursor": 0.4000107187744393,
    "tct_upstream_factor": 1.0,
    "tct_risk_R": 1.0,
    "tct_risk_H": 1.7864624065405313e-05,
    "tct_n_used": 1.0,
    "tct_B_used": 9.5,
    "tct_Te_used": 21.513290616434197,
    "TBR": 1.7778713977641727,
    "fail_rate": 0.0,
    "wall_load": 2.9843371217903165,
    "raw_wall_load": 3.621369557908437,
    "lithium_wall_modifier": 1.2134586040788722,
    "performance_boost": 1.0256150324894646,
    "bootstrap_boost": 1.0239555146078478,
    "wall_temp": 56.84197477530223,
    "bootstrap": 0.08756073667361726,
    "blanket_model": "openmc_dataset",
    "blanket_attenuation": 0.6990269448975971,
    "blanket_front_heating_frac": 0.42,
    "capex_billion": 8.96759494558101,
    "annual_revenue_musd": 368208.60404312325,
    "annual_cost_musd": 807.0835451022908
  },
  "score": -714065.2441765434,
  "objectives": {
    "net_electric": 718.5118917439863,
    "bootstrap": 0.08756073667361726,
    "TBR": 1.7778713977641727,
    "wall_load": 2.9843371217903165,
    "capex_billion": 8.96759494558101,
    "R": 5.083022197920512,
    "B0": 9.5
  },
  "feasible": true,
  "rank": 0,
  "crowding": Infinity
}