{
  "ok": true,
  "design": {
    "lithium_thickness": 0.0006944991686171334,
    "li6_frac": 0.35084183652696604,
    "l3": "SiC",
    "Ti": 32.18084357454537,
    "l4_pack": 0.72698557718304,
    "kappa": 2.1339371604689545,
    "l2_li6": 0.60203885066231,
    "mc_samples": 300000,
    "l3_pack": 1.38276991700438,
    "blanket_thickness": 0.4,
    "l2": "Li2TiO3",
    "Ip": 21.432136468406178,
    "l1_li6": 0.2724706701352848,
    "split": [
      0.47335371888926736,
      0.06774365848538863,
      0.19425723762150304,
      0.264645385003841
    ],
    "cooling_eff": 0.4940543793357778,
    "Te": 15.81329101907633,
    "a": 2.4492739719816288,
    "R": 8.87608786822115,
    "H98": 0.85,
    "l4": "W",
    "mult_frac": 0.25989106108041504,
    "fG": 1.0,
    "B0": 6.141170791234385,
    "l1": "Pb",
    "l1_pack": 1.4536158740385905,
    "l3_li6": 0.14306638424822768,
    "reconn_trigger": 1.2548524596437298,
    "l2_pack": 0.9855129909875088,
    "conf_trigger": 0.7720283127871999,
    "lithium_velocity": 5.086340757168581,
    "coolant_outlet_K": 1108.5676695757322,
    "liquid_wall_li6_enrich": 0.57705332513828,
    "l4_li6": -0.1647240726937378,
    "frac_cap": 0.7506456524395102
  },
  "result": {
    "score": 372711.14256405784,
    "net_electric": 3919.5929987303443,
    "tct_control_strength": 0.0,
    "tct_precursor": 0.40000692903415835,
    "tct_upstream_factor": 1.0,
    "tct_risk_R": 1.0,
    "tct_risk_H": 1.1548390263878946e-05,
    "tct_n_used": 1.0,
    "tct_B_used": 6.141170791234385,
    "tct_Te_used": 15.81329101907633,
    "TBR": 1.7513215326514087,
    "fail_rate": 0.0,
    "wall_load": 8.834344829916251,
    "raw_wall_load": 10.5341988708212,
    "lithium_wall_modifier": 1.192414273342448,
    "performance_boost": 1.0230897128010938,
    "bootstrap_boost": 1.0372414273342447,
    "wall_temp": 73.04101356730843,
    "bootstrap": 0.881655213234108,
    "blanket_model": "openmc_dataset",
    "blanket_attenuation": 0.7975763627511979,
    "blanket_front_heating_frac": 0.42,
    "capex_billion": 18.86464122611206,
    "annual_revenue_musd": 2008634.6281293523,
    "annual_cost_musd": 1697.8177103500855
  },
  "score": 372807.68026779045,
  "objectives": {
    "net_electric": 3919.5929987303443,
    "bootstrap": 0.881655213234108,
    "TBR": 1.7513215326514087,
    "wall_load": 8.834344829916251,
    "capex_billion": 18.86464122611206,
    "R": 8.87608786822115,
    "B0": 6.141170791234385
  },
  "feasible": true,
  "rank": 0,
  "crowding": 1.5656071575911696
}