{
  "ok": true,
  "design": {
    "R": 5.859454781642222,
    "a": 2.6426438159703833,
    "kappa": 1.9589457529275407,
    "B0": 5.922294063999752,
    "Ip": 26.748528859241645,
    "Ti": 36.41010398498662,
    "Te": 19.964805352253425,
    "H98": 0.9800179788281829,
    "fG": 0.7439361247673459,
    "frac_cap": 0.695056966077731,
    "reconn_trigger": 0.7988273062560632,
    "conf_trigger": 0.7996549754009261,
    "lithium_thickness": 0.0024259139915902227,
    "lithium_velocity": 4.336893389294884,
    "liquid_wall_li6_enrich": 0.7648308349893574,
    "blanket_thickness": 0.678015700396606,
    "l1": "W_Ti_B4C_60_30_10_wt",
    "l1_li6": 0.0,
    "l1_pack": 1.0,
    "l2": "Li4SiO4",
    "l2_li6": 0.3,
    "l2_pack": 0.8721914193565425,
    "l3": "W",
    "l3_li6": 0.0,
    "l3_pack": 1.0,
    "l4": "B4C",
    "l4_li6": 0.0,
    "l4_pack": 0.7406895940280801,
    "split": [
      0.26712099974311876,
      0.48697923662990683,
      0.07150627960777095,
      0.17439348401920352
    ],
    "li6_frac": 0.4064783496308719,
    "mult_frac": 0.20124668802974716,
    "cooling_eff": 0.4918965087285245,
    "coolant_outlet_K": 987.239267759142,
    "mc_samples": 300000
  },
  "result": {
    "score": -14169.830964528166,
    "net_electric": 2662.40850485136,
    "tct_control_strength": 1.0,
    "tct_precursor": 0.4000066820772879,
    "tct_upstream_factor": 1.0,
    "tct_risk_R": 1.0,
    "tct_risk_H": 1.1136795479803896e-05,
    "tct_n_used": 1.0,
    "tct_B_used": 5.922294063999752,
    "tct_Te_used": 19.964805352253425,
    "TBR": 1.7724296926174272,
    "fail_rate": 0.0,
    "wall_load": 7.568337540437001,
    "raw_wall_load": 9.37950004310066,
    "lithium_wall_modifier": 1.2393078391372963,
    "performance_boost": 1.0287169406964756,
    "bootstrap_boost": 1.0265669513997704,
    "wall_temp": 218.5730468145673,
    "bootstrap": 0.39590394222271663,
    "blanket_model": "openmc_dataset",
    "blanket_attenuation": 0.72362412094313,
    "blanket_front_heating_frac": 0.42,
    "capex_billion": 14.92995574113192,
    "annual_revenue_musd": 1364377.8623961278,
    "annual_cost_musd": 1343.6960167018728
  },
  "score": -14000.533038801186,
  "objectives": {
    "net_electric": 2662.40850485136,
    "bootstrap": 0.39590394222271663,
    "TBR": 1.7724296926174272,
    "wall_load": 7.568337540437001,
    "capex_billion": 14.92995574113192,
    "R": 5.859454781642222,
    "B0": 5.922294063999752
  },
  "feasible": true,
  "rank": 0,
  "crowding": 1.2775675898504595
}