{
  "ok": true,
  "design": {
    "R": 7.56212167518512,
    "a": 2.06796872079448,
    "kappa": 2.1003982870554685,
    "B0": 9.0978998978983,
    "Ip": 18.00867362064939,
    "Ti": 33.58157706069537,
    "Te": 24.55937534830749,
    "H98": 1.0285067270519572,
    "fG": 0.671560229363515,
    "frac_cap": 0.7378668748202079,
    "reconn_trigger": 0.7197664178140973,
    "conf_trigger": 0.7661586088694303,
    "lithium_thickness": 0.0021569748782580022,
    "lithium_velocity": 5.610500726403597,
    "liquid_wall_li6_enrich": 0.6171952973302691,
    "blanket_thickness": 1.1321839488731797,
    "l1": "W",
    "l1_li6": 0.0,
    "l1_pack": 1.0,
    "l2": "W_Ti_B4C_60_30_10_wt",
    "l2_li6": 0.0,
    "l2_pack": 1.0,
    "l3": "TiB2",
    "l3_li6": 0.0,
    "l3_pack": 0.7797722067577391,
    "l4": "B4C",
    "l4_li6": 0.0,
    "l4_pack": 0.9443363123561257,
    "split": [
      0.3398704695872971,
      0.01281387069538191,
      0.2601473633498336,
      0.38716829636748734
    ],
    "li6_frac": 0.8539922321463187,
    "mult_frac": 0.44410727008154616,
    "cooling_eff": 0.4257213296753677,
    "coolant_outlet_K": 777.2252505648379,
    "mc_samples": 300000
  },
  "result": {
    "score": 699792.6815091418,
    "net_electric": 1364.9597788568933,
    "tct_control_strength": 1.0,
    "tct_precursor": 0.4000102650880923,
    "tct_upstream_factor": 1.0,
    "tct_risk_R": 1.0,
    "tct_risk_H": 1.710848015375184e-05,
    "tct_n_used": 1.0,
    "tct_B_used": 9.0978998978983,
    "tct_Te_used": 24.55937534830749,
    "TBR": 1.7929389807907556,
    "fail_rate": 0.0,
    "wall_load": 5.041828040701985,
    "raw_wall_load": 6.3050760899238,
    "lithium_wall_modifier": 1.2505535768026572,
    "performance_boost": 1.0300664292163189,
    "bootstrap_boost": 1.0250553576802657,
    "wall_temp": 129.46543362251126,
    "bootstrap": 0.39577977591948305,
    "blanket_model": "openmc_dataset",
    "blanket_attenuation": 0.6172741179163549,
    "blanket_front_heating_frac": 0.42,
    "capex_billion": 11.637047915959833,
    "annual_revenue_musd": 699487.2882730034,
    "annual_cost_musd": 1047.334312436385
  },
  "score": 699968.6988613766,
  "objectives": {
    "net_electric": 1364.9597788568933,
    "bootstrap": 0.39577977591948305,
    "TBR": 1.7929389807907556,
    "wall_load": 5.041828040701985,
    "capex_billion": 11.637047915959833,
    "R": 7.56212167518512,
    "B0": 9.0978998978983
  },
  "feasible": true,
  "rank": 0,
  "crowding": 1.0048700915621076
}