{
  "ok": true,
  "design": {
    "R": 8.218090720737468,
    "a": 2.121470205650345,
    "kappa": 2.0933958814300224,
    "B0": 9.5,
    "Ip": 21.14985905015576,
    "Ti": 36.93676155604632,
    "Te": 12.716182954890723,
    "H98": 0.962052330473653,
    "fG": 0.8394165540980402,
    "frac_cap": 0.552915295606488,
    "reconn_trigger": 0.7596314559391721,
    "conf_trigger": 0.6633824327595725,
    "lithium_thickness": 0.0006903807679759883,
    "lithium_velocity": 3.723183131351245,
    "liquid_wall_li6_enrich": 0.9395335977531114,
    "blanket_thickness": 1.495239562358647,
    "l1": "Li4SiO4",
    "l1_li6": 0.6,
    "l1_pack": 0.8523309545376265,
    "l2": "SiC",
    "l2_li6": 0.0,
    "l2_pack": 0.8702078919326981,
    "l3": "Li2TiO3",
    "l3_li6": 0.9,
    "l3_pack": 0.78867606305576,
    "l4": "W",
    "l4_li6": 0.0,
    "l4_pack": 1.0,
    "split": [
      0.4486723050036747,
      0.06070042916024055,
      0.16877243662147615,
      0.32185482921460873
    ],
    "li6_frac": 0.16543232398913021,
    "mult_frac": 0.5553601180182548,
    "cooling_eff": 0.46984580716879587,
    "coolant_outlet_K": 976.5500015715302,
    "mc_samples": 300000
  },
  "result": {
    "score": 46613.74270212107,
    "net_electric": 3306.380033075409,
    "tct_control_strength": 1.0,
    "tct_precursor": 0.4000107187744393,
    "tct_upstream_factor": 1.0,
    "tct_risk_R": 1.0,
    "tct_risk_H": 1.7864624065405313e-05,
    "tct_n_used": 1.0,
    "tct_B_used": 9.5,
    "tct_Te_used": 12.716182954890723,
    "TBR": 1.804064483736948,
    "fail_rate": 0.0,
    "wall_load": 8.842932864973047,
    "raw_wall_load": 10.335709691499412,
    "lithium_wall_modifier": 1.1688101503562545,
    "performance_boost": 1.0202572180427505,
    "bootstrap_boost": 1.0252460082815078,
    "wall_temp": 72.67846169619285,
    "bootstrap": 0.4709468332939314,
    "blanket_model": "openmc_dataset",
    "blanket_attenuation": 0.5436163374034244,
    "blanket_front_heating_frac": 0.42,
    "capex_billion": 18.23978985498774,
    "annual_revenue_musd": 1694387.5117498243,
    "annual_cost_musd": 1641.5810869488969
  },
  "score": 46725.62679555205,
  "objectives": {
    "net_electric": 3306.380033075409,
    "bootstrap": 0.4709468332939314,
    "TBR": 1.804064483736948,
    "wall_load": 8.842932864973047,
    "capex_billion": 18.23978985498774,
    "R": 8.218090720737468,
    "B0": 9.5
  },
  "feasible": true,
  "rank": 0,
  "crowding": Infinity
}