{
  "ok": true,
  "design": {
    "R": 7.92835959444558,
    "a": 1.7910086778138983,
    "kappa": 2.023678005579191,
    "B0": 7.538971491519736,
    "Ip": 23.133307207225172,
    "Ti": 33.8623845719115,
    "Te": 12.518554325583327,
    "H98": 1.0332932858335526,
    "fG": 0.7827126483850059,
    "frac_cap": 0.5879381213358233,
    "reconn_trigger": 0.5559807140935138,
    "conf_trigger": 0.7231513904291611,
    "lithium_thickness": 0.000982149308007588,
    "lithium_velocity": 6.0,
    "liquid_wall_li6_enrich": 0.7744126208696009,
    "blanket_thickness": 1.1875392859551117,
    "l1": "W_Ti_B4C_60_30_10_wt",
    "l1_li6": 0.0,
    "l1_pack": 1.0,
    "l2": "Li4SiO4",
    "l2_li6": 0.6,
    "l2_pack": 0.8946365632913333,
    "l3": "Be",
    "l3_li6": 0.0,
    "l3_pack": 0.9514345367825847,
    "l4": "Be12Ti",
    "l4_li6": 0.0,
    "l4_pack": 0.6908952240626607,
    "split": [
      0.3229256103817847,
      0.35824546927554696,
      0.2724139343832785,
      0.046414985959389865
    ],
    "li6_frac": 0.5740928455300208,
    "mult_frac": 0.594361357680394,
    "cooling_eff": 0.35154189297577415,
    "coolant_outlet_K": 995.7397457561935,
    "mc_samples": 300000
  },
  "result": {
    "score": -5564542.289974883,
    "net_electric": 2765.5040276126147,
    "tct_control_strength": 1.0,
    "tct_precursor": 0.4000085061615707,
    "tct_upstream_factor": 1.0,
    "tct_risk_R": 1.0,
    "tct_risk_H": 1.4176935951137691e-05,
    "tct_n_used": 1.0,
    "tct_B_used": 7.538971491519736,
    "tct_Te_used": 12.518554325583327,
    "TBR": 1.7948483726892337,
    "fail_rate": 0.0,
    "wall_load": 11.32326652582756,
    "raw_wall_load": 13.765626090912361,
    "lithium_wall_modifier": 1.215693904185153,
    "performance_boost": 1.0258832685022183,
    "bootstrap_boost": 1.0265321493216155,
    "wall_temp": 132.39450455627406,
    "bootstrap": 0.8725523269233731,
    "blanket_model": "openmc_dataset",
    "blanket_attenuation": 0.6054299293360682,
    "blanket_front_heating_frac": 0.42,
    "capex_billion": 15.851244193704357,
    "annual_revenue_musd": 1417210.1939903605,
    "annual_cost_musd": 1426.611977433392
  },
  "score": -5564631.639887827,
  "objectives": {
    "net_electric": 2765.5040276126147,
    "bootstrap": 0.8725523269233731,
    "TBR": 1.7948483726892337,
    "wall_load": 11.32326652582756,
    "capex_billion": 15.851244193704357,
    "R": 7.92835959444558,
    "B0": 7.538971491519736
  },
  "feasible": true,
  "rank": 0,
  "crowding": Infinity
}