{
  "ok": true,
  "design": {
    "R": 6.93205947433338,
    "a": 2.26203792171045,
    "kappa": 1.6969761246056463,
    "B0": 9.5,
    "Ip": 24.5324147834339,
    "Ti": 28.949451978687154,
    "Te": 24.1200047101617,
    "H98": 1.2265183525894203,
    "fG": 0.9127555129660974,
    "frac_cap": 0.7724940228810402,
    "reconn_trigger": 0.7454593867676673,
    "conf_trigger": 0.7292815347143529,
    "lithium_thickness": 0.0016675443246305388,
    "lithium_velocity": 3.248831930949849,
    "liquid_wall_li6_enrich": 0.9402470485634844,
    "blanket_thickness": 1.0648354450233801,
    "l1": "Li",
    "l1_li6": 0.3,
    "l1_pack": 1.0,
    "l2": "SiC",
    "l2_li6": 0.0,
    "l2_pack": 0.8083279287317883,
    "l3": "Be12Ti",
    "l3_li6": 0.0,
    "l3_pack": 0.6259558099520366,
    "l4": "Be",
    "l4_li6": 0.0,
    "l4_pack": 0.7010162833300809,
    "split": [
      0.15896637413924755,
      0.32664366138797724,
      0.2619294512432238,
      0.2524605132295514
    ],
    "li6_frac": 0.8789887150722234,
    "mult_frac": 0.5233927010932091,
    "cooling_eff": 0.4584965694429985,
    "coolant_outlet_K": 1035.1935893525188,
    "mc_samples": 300000
  },
  "result": {
    "score": 922467.0412695031,
    "net_electric": 1813.6600710255168,
    "tct_control_strength": 1.0,
    "tct_precursor": 0.4000107187744393,
    "tct_upstream_factor": 1.0,
    "tct_risk_R": 1.0,
    "tct_risk_H": 1.7864624065405313e-05,
    "tct_n_used": 1.0,
    "tct_B_used": 9.5,
    "tct_Te_used": 24.1200047101617,
    "TBR": 1.790485857325751,
    "fail_rate": 0.0,
    "wall_load": 6.656212164614234,
    "raw_wall_load": 7.943744758928552,
    "lithium_wall_modifier": 1.1934332263564404,
    "performance_boost": 1.023211987162773,
    "bootstrap_boost": 1.03210865341361,
    "wall_temp": 132.13724784094308,
    "bootstrap": 0.500028869366143,
    "blanket_model": "openmc_dataset",
    "blanket_attenuation": 0.6319973347579998,
    "blanket_front_heating_frac": 0.42,
    "capex_billion": 13.40925274571565,
    "annual_revenue_musd": 929428.2399977364,
    "annual_cost_musd": 1206.8327471144084
  },
  "score": 922642.018930333,
  "objectives": {
    "net_electric": 1813.6600710255168,
    "bootstrap": 0.500028869366143,
    "TBR": 1.790485857325751,
    "wall_load": 6.656212164614234,
    "capex_billion": 13.40925274571565,
    "R": 6.93205947433338,
    "B0": 9.5
  },
  "feasible": true,
  "rank": 0,
  "crowding": Infinity
}