{
  "ok": true,
  "design": {
    "R": 8.008858823382193,
    "a": 2.04218859724172,
    "kappa": 2.0405858308214095,
    "B0": 9.5,
    "Ip": 25.483377694476445,
    "Ti": 30.64559267906709,
    "Te": 16.58648325246558,
    "H98": 1.1005966690572484,
    "fG": 0.661198620436942,
    "frac_cap": 0.5767714681357224,
    "reconn_trigger": 0.7262565651982679,
    "conf_trigger": 0.5671036162261591,
    "lithium_thickness": 0.0024865938366006026,
    "lithium_velocity": 1.0277224875149233,
    "liquid_wall_li6_enrich": 0.9458639249985785,
    "blanket_thickness": 0.5429865513523873,
    "l1": "SiC",
    "l1_li6": 0.0,
    "l1_pack": 0.7659205111490182,
    "l2": "Be",
    "l2_li6": 0.0,
    "l2_pack": 0.9825679367820606,
    "l3": "Be",
    "l3_li6": 0.0,
    "l3_pack": 0.7708244512093055,
    "l4": "Li2O",
    "l4_li6": 0.9,
    "l4_pack": 0.6314726882893306,
    "split": [
      0.09257914396922545,
      0.14123717244659353,
      0.032129738603535477,
      0.7340539449806456
    ],
    "li6_frac": 0.5800252734967628,
    "mult_frac": 0.23827790540469296,
    "cooling_eff": 0.4214994841583958,
    "coolant_outlet_K": 933.8649083876271,
    "mc_samples": 300000
  },
  "result": {
    "score": 565687.1436038939,
    "net_electric": 1102.9336257435402,
    "tct_control_strength": 1.0,
    "tct_precursor": 0.4000107187744393,
    "tct_upstream_factor": 1.0,
    "tct_risk_R": 1.0,
    "tct_risk_H": 1.7864624065405313e-05,
    "tct_n_used": 1.0,
    "tct_B_used": 9.5,
    "tct_Te_used": 16.58648325246558,
    "TBR": 1.763546284094637,
    "fail_rate": 0.0,
    "wall_load": 4.504717613141122,
    "raw_wall_load": 5.187998546803816,
    "lithium_wall_modifier": 1.1516811912181648,
    "performance_boost": 1.0182017429461798,
    "bootstrap_boost": 1.0151681191218165,
    "wall_temp": 133.35003633884395,
    "bootstrap": 0.4415570336586678,
    "blanket_model": "openmc_dataset",
    "blanket_attenuation": 0.7586437425262204,
    "blanket_front_heating_frac": 0.42,
    "capex_billion": 10.795385601623142,
    "annual_revenue_musd": 565209.3658485346,
    "annual_cost_musd": 971.5847041460829
  },
  "score": 565853.5984240888,
  "objectives": {
    "net_electric": 1102.9336257435402,
    "bootstrap": 0.4415570336586678,
    "TBR": 1.763546284094637,
    "wall_load": 4.504717613141122,
    "capex_billion": 10.795385601623142,
    "R": 8.008858823382193,
    "B0": 9.5
  },
  "feasible": true,
  "rank": 0,
  "crowding": Infinity
}