{
  "ok": true,
  "design": {
    "lithium_thickness": 0.007802893018880504,
    "li6_frac": 0.14514352252004004,
    "l3": "TiB2",
    "Ti": 33.509183312974,
    "l4_pack": 0.5414791953130822,
    "l2_li6": 0.6010428138800623,
    "mc_samples": 299698,
    "l3_pack": 1.0298191449252185,
    "blanket_thickness": 1.1835744897681009,
    "l2": "Li2O",
    "Ip": 23.598694072747477,
    "l1_li6": -0.06695393037471037,
    "split": [
      0.2934380449303286,
      0.11484164730202964,
      0.401682051384194,
      0.19003825638344773
    ],
    "cooling_eff": 0.5460943876553346,
    "Te": 16.960819677269413,
    "a": 2.355984157927337,
    "R": 8.325506970673116,
    "H98": 1.108605340963524,
    "liquid_wall_li6_enrich": 0.6180015651620655,
    "l4": "W",
    "mult_frac": 0.7357239213424477,
    "fG": 0.8699052145168962,
    "B0": 9.5,
    "l1": "Li",
    "l1_pack": 1.50268105761165,
    "l3_li6": 0.04379275436058862,
    "reconn_trigger": 0.7321435576885567,
    "l2_pack": 0.8239518233954184,
    "conf_trigger": 0.7743047324587649,
    "lithium_velocity": 4.545502138405473,
    "coolant_outlet_K": 913.5481082697193,
    "kappa": 1.6189674561930876,
    "l4_li6": 0.04908656981773877,
    "frac_cap": 0.36182826223461306
  },
  "result": {
    "score": 242826.08053235366,
    "net_electric": 684.1073713569457,
    "tct_control_strength": 1.0,
    "tct_precursor": 0.4000107187744393,
    "tct_upstream_factor": 1.0,
    "tct_risk_R": 1.0,
    "tct_risk_H": 1.7864624065405313e-05,
    "tct_n_used": 1.0,
    "tct_B_used": 9.5,
    "tct_Te_used": 16.960819677269413,
    "TBR": 1.794714602855673,
    "fail_rate": 0.0,
    "wall_load": 1.6744086770968587,
    "raw_wall_load": 2.257204399327128,
    "lithium_wall_modifier": 1.3480606199680825,
    "performance_boost": 1.04176727439617,
    "bootstrap_boost": 1.045000374867822,
    "wall_temp": 155.5384735389526,
    "bootstrap": 0.3304875172530369,
    "blanket_model": "openmc_dataset",
    "blanket_attenuation": 0.6062706547258665,
    "blanket_front_heating_frac": 0.42,
    "capex_billion": 8.988064622324936,
    "annual_revenue_musd": 350577.66352558037,
    "annual_cost_musd": 808.9258160092443
  },
  "score": 243002.6955454597,
  "objectives": {
    "net_electric": 684.1073713569457,
    "bootstrap": 0.3304875172530369,
    "TBR": 1.794714602855673,
    "wall_load": 1.6744086770968587,
    "capex_billion": 8.988064622324936,
    "R": 8.325506970673116,
    "B0": 9.5
  },
  "feasible": true,
  "rank": 0,
  "crowding": Infinity
}