{
  "ok": true,
  "design": {
    "lithium_thickness": 0.03,
    "li6_frac": 0.1755784796446956,
    "l3": "Li2TiO3",
    "Ti": 38.00061491947049,
    "l4_pack": 1.0499031073153695,
    "kappa": 2.381114026226511,
    "l2_li6": 0.5893593313837833,
    "mc_samples": 300000,
    "l3_pack": 1.6011826092084605,
    "blanket_thickness": 1.6,
    "l2": "Li2TiO3",
    "Ip": 21.503996647866657,
    "l1_li6": 0.39800836713460164,
    "split": [
      0.18743914256045596,
      0.39645604380752514,
      0.09810744077045863,
      0.3179973728615603
    ],
    "cooling_eff": 0.7864934570548294,
    "Te": 19.409059941171044,
    "a": 2.071748082431374,
    "R": 5.636359473367987,
    "H98": 1.1015242070140872,
    "l4": "Pb",
    "mult_frac": 0.7541292463395397,
    "fG": 0.9453810865736179,
    "B0": 4.0,
    "l1": "W",
    "l1_pack": 0.8874795276185359,
    "l3_li6": 0.03959576730020825,
    "reconn_trigger": 0.7749238850116942,
    "l2_pack": 1.2616615537718567,
    "conf_trigger": 0.9427201083021514,
    "lithium_velocity": 4.65358750711208,
    "coolant_outlet_K": 765.4228910651465,
    "liquid_wall_li6_enrich": 1.3148259079423426,
    "l4_li6": 0.34290469062052514,
    "frac_cap": 0.3618489252129385
  },
  "result": {
    "score": 1021054.6225598976,
    "net_electric": 1994.0376150080274,
    "tct_control_strength": 1.0,
    "tct_precursor": 0.40000451316818497,
    "tct_upstream_factor": 1.0,
    "tct_risk_R": 1.0,
    "tct_risk_H": 7.5219469749075e-06,
    "tct_n_used": 1.0,
    "tct_B_used": 4.0,
    "tct_Te_used": 19.409059941171044,
    "TBR": 1.8067731682077173,
    "fail_rate": 0.0,
    "wall_load": 5.751746624353645,
    "raw_wall_load": 7.938674721960535,
    "lithium_wall_modifier": 1.3802198254608697,
    "performance_boost": 1.0456263790553044,
    "bootstrap_boost": 1.0527448477405041,
    "wall_temp": 2054.1952229834446,
    "bootstrap": 0.8777140359722525,
    "blanket_model": "openmc_dataset",
    "blanket_attenuation": 0.5240450127053347,
    "blanket_front_heating_frac": 0.42,
    "capex_billion": 12.31271923796383,
    "annual_revenue_musd": 1021864.5161870137,
    "annual_cost_musd": 1108.1447314167447
  },
  "score": 1021235.2888863592,
  "objectives": {
    "net_electric": 1994.0376150080274,
    "bootstrap": 0.8777140359722525,
    "TBR": 1.8067731682077173,
    "wall_load": 5.751746624353645,
    "capex_billion": 12.31271923796383,
    "R": 5.636359473367987,
    "B0": 4.0
  },
  "feasible": true,
  "rank": 0,
  "crowding": Infinity
}