{
  "ok": true,
  "design": {
    "lithium_thickness": 0.01343586397542146,
    "li6_frac": 0.24788096340102,
    "l3": "Pb",
    "Ti": 37.82322786544636,
    "l4_pack": 0.8876811843581671,
    "l2_li6": 0.6475586367794256,
    "mc_samples": 249556,
    "l3_pack": 0.5863091078892804,
    "blanket_thickness": 1.6,
    "l2": "Li2TiO3",
    "Ip": 14.40255248555199,
    "l1_li6": 0.4859617399181968,
    "split": [
      0.18743914256045596,
      0.39645604380752514,
      0.09810744077045863,
      0.3179973728615603
    ],
    "cooling_eff": 0.6004024933782721,
    "Te": 18.053615446918936,
    "a": 2.169858101125656,
    "R": 4.953541149290738,
    "H98": 1.2663121516854878,
    "liquid_wall_li6_enrich": 0.42751297706613045,
    "l4": "W",
    "mult_frac": 0.5970255657122027,
    "fG": 0.7848221165524677,
    "B0": 4.756350799528391,
    "l1": "Li",
    "l1_pack": 1.3020101821415542,
    "l3_li6": 0.02337004141483407,
    "reconn_trigger": 0.7632872722352135,
    "l2_pack": 1.2334179331169424,
    "conf_trigger": 0.7874766032698537,
    "lithium_velocity": 3.2059487975103007,
    "coolant_outlet_K": 834.2366592766214,
    "kappa": 2.3262355947019104,
    "l4_li6": 0.41617978762366814,
    "frac_cap": 0.7925030065063527
  },
  "result": {
    "score": 1020735.5300977285,
    "net_electric": 2356.063468738122,
    "tct_control_strength": 1.0,
    "tct_precursor": 0.40000536655277624,
    "tct_upstream_factor": 1.0,
    "tct_risk_R": 1.0,
    "tct_risk_H": 8.944254627027863e-06,
    "tct_n_used": 1.0,
    "tct_B_used": 4.756350799528391,
    "tct_Te_used": 18.053615446918936,
    "TBR": 1.8067731682077173,
    "fail_rate": 0.0,
    "wall_load": 7.289527045661051,
    "raw_wall_load": 9.825853398428457,
    "lithium_wall_modifier": 1.3479411403346264,
    "performance_boost": 1.0417529368401552,
    "bootstrap_boost": 1.0398834410266107,
    "wall_temp": 1165.9654027459253,
    "bootstrap": 0.49627822709849956,
    "blanket_model": "openmc_dataset",
    "blanket_attenuation": 0.5240450127053347,
    "blanket_front_heating_frac": 0.42,
    "capex_billion": 13.629155466050905,
    "annual_revenue_musd": 1207388.2851895378,
    "annual_cost_musd": 1226.6239919445813
  },
  "score": 1020915.9990853305,
  "objectives": {
    "net_electric": 2356.063468738122,
    "bootstrap": 0.49627822709849956,
    "TBR": 1.8067731682077173,
    "wall_load": 7.289527045661051,
    "capex_billion": 13.629155466050905,
    "R": 4.953541149290738,
    "B0": 4.756350799528391
  },
  "feasible": true,
  "rank": 0,
  "crowding": Infinity
}