{
  "ok": true,
  "design": {
    "lithium_thickness": 0.014695799795726404,
    "li6_frac": 0.8315618271555147,
    "l3": "TiB2",
    "Ti": 40.0,
    "kappa": 1.4047081318977859,
    "l4_pack": 0.8328269959388088,
    "l2_li6": 0.6217000797276253,
    "mc_samples": 186023,
    "l3_pack": 0.4936399874553469,
    "blanket_thickness": 1.0338355494463747,
    "l2": "Pb",
    "Ip": 30.0,
    "l1_li6": 0.10619418642354783,
    "split": [
      0.2934380449303286,
      0.11484164730202964,
      0.401682051384194,
      0.19003825638344773
    ],
    "cooling_eff": 0.4743580959655878,
    "Te": 18.278428366150532,
    "a": 2.2218802082604667,
    "R": 12.0,
    "H98": 1.0603645813570606,
    "l4": "W",
    "mult_frac": 0.8634192192870054,
    "fG": 0.8741915685958334,
    "B0": 7.1127712582769265,
    "l1": "Li",
    "l1_pack": 0.7783105347874067,
    "l3_li6": 0.24297236693714377,
    "reconn_trigger": 1.0561530559974963,
    "l2_pack": 0.9947122284790062,
    "conf_trigger": 0.7351520769517383,
    "lithium_velocity": 5.654111478774329,
    "coolant_outlet_K": 994.1531115416091,
    "liquid_wall_li6_enrich": 0.6836557430682197,
    "l4_li6": 0.1422061226750208,
    "frac_cap": 0.31883138310907955
  },
  "result": {
    "score": 1610039.485571049,
    "net_electric": 3143.4831312478827,
    "tct_control_strength": 0.0,
    "tct_precursor": 0.4000080252832374,
    "tct_upstream_factor": 1.0,
    "tct_risk_R": 1.0,
    "tct_risk_H": 1.3375472062351287e-05,
    "tct_n_used": 1.0,
    "tct_B_used": 7.1127712582769265,
    "tct_Te_used": 18.278428366150532,
    "TBR": 1.7893040772052764,
    "fail_rate": 0.0,
    "wall_load": 4.317263075282452,
    "raw_wall_load": 6.009870478263516,
    "lithium_wall_modifier": 1.3920556550449101,
    "performance_boost": 1.0470466786053891,
    "bootstrap_boost": 1.049657059620241,
    "wall_temp": 755.3051645218214,
    "bootstrap": 0.8922085006772048,
    "blanket_model": "openmc_dataset",
    "blanket_attenuation": 0.6388918175492837,
    "blanket_front_heating_frac": 0.42,
    "capex_billion": 17.11622184606652,
    "annual_revenue_musd": 1610909.3654392897,
    "annual_cost_musd": 1540.459966145987
  },
  "score": 1610215.32419215,
  "objectives": {
    "net_electric": 3143.4831312478827,
    "bootstrap": 0.8922085006772048,
    "TBR": 1.7893040772052764,
    "wall_load": 4.317263075282452,
    "capex_billion": 17.11622184606652,
    "R": 12.0,
    "B0": 7.1127712582769265
  },
  "feasible": true,
  "rank": 0,
  "crowding": Infinity
}